The flu season is winding down, and it has killed 105 children so far - about the average toll.	{"entities": [[0, 14, "TEMP_EXP"]]}
The season started about a month earlier than usual, sparking concerns it might turn into the worst in a decade. It ended up being very hard on the elderly, but was moderately severe overall, according to the Centers for Disease Control and PrTEMP_EXPion.	{"entities": [[19, 40, "TEMP_EXP"]]}
Six of the pediatric deaths were reported in the last week, and it's possible there will be more, said the CDC's Dr. Michael Jhung said Friday.	{"entities": [[42, 58, "TEMP_EXP"], [131, 142, "TEMP_EXP"]]}
Roughly 100 children die in an average flu season. One exception was the swine flu pandemic of 2009-2010, when 348 children died.	{"entities": [[95, 104, "TEMP_EXP"]]}
The CDC recommends that all children ages 6 months and older be vaccinated against flu each season, though only about half get a flu shot or nasal spray.	{"entities": []}
All but four of the children who died were old enough to be vaccinated, but 90 percent of them did not get vaccinated, CDC officials said.	{"entities": []}
This year's vaccine was considered effective in children, though it didn't work very well in older people. And the dominant flu strain early in the season was one that tends to cause more severe illness.	{"entities": [[0, 9, "TEMP_EXP"], [135, 154, "TEMP_EXP"]]}
The government only does a national flu death count for children. But it does track hospitalization rates for people 65 and older, and those statistics have been grim.	{"entities": []}
In that group, 177 out of every 100,000 were hospitalized with flu-related illness in the past several months. That's more than 2 1/2 times higher than any other recent season.	{"entities": [[83, 110, "TEMP_EXP"]]}
This flu season started in early December, a month earlier than usual, and peaked by the end of year. Since then, flu reports have been dropping off throughout the country.	{"entities": [[24, 41, "TEMP_EXP"], [82, 101, "TEMP_EXP"]]}
"We appear to be getting close to the end of flu season," Jhung said.	{"entities": [[34, 55, "TEMP_EXP"]]}
Barack Obama would make a great stand-up comic, not because he's the funniest president ever but because he uses jokes the same way many of us comedians do: as a weapon.	{"entities": []}
Traditionally, the (intentionally) funny lines by our presidents have had one thing in common: They were self-deprecating. Sure, some presidents have used jokes to take jabs at their opponents, but not to the extent of Obama.	{"entities": []}
During his tenure, he has increasingly unleashed biting comedic barbs against his critics and political adversaries. These jokes are intended to do more than simply entertain you. They have an agenda.	{"entities": [[0, 17, "TEMP_EXP"]]}
Obama's humor is often delivered the way a comedian dealing with a heckler would do it. He tries to undermine his opponents with it and get the crowd -- in this case the public -- on his side. I can assure you that having a crowd laugh at your critic/heckler is not only effective in dominating them, it's also very satisfying.	{"entities": []}
A New York man who was accused of faking his death last summer pleaded guilty to a conspiracy charge Thursday, Nassau County District Attorney Kathleen Rice announced.	{"entities": [[51, 62, "TEMP_EXP"], [101, 109, "TEMP_EXP"]]}
Raymond Roth, 48, of Massapequa, New York, was first reported missing in the waters off Jones Beach late last July by his 22-year-old son, Jonathan Roth. Several days into an extensive search involving multiple agencies, New York State Park Police said, authorities learned the missing man was in South Carolina, where he had been pulled over for speeding.	{"entities": [[100, 114, "TEMP_EXP"], [154, 219, "TEMP_EXP"]]}
The day before Raymond Roth was pulled over, his wife, Evana, showed authorities e-mails she had discovered that appeared to detail a plan between him and his son to fake his death. Raymond Roth wanted his wife and son to collect at least $410,000 in life insurance benefits while he started a new life in Florida, Rice said.	{"entities": [[0, 43, "TEMP_EXP"]]}
State police arrested both men in early August on charges of insurance fraud, conspiracy and filing a false report. Raymond Roth on Thursday agreed to plead guilty to the conspiracy charge in exchange for a sentence of 90 days in jail and five years' probation, the district attorney's office said. He also must pay restitution for the cost of the search -- $27,445 to the U.S. Coast Guard and $9,109 to the Nassau County Police Department.	{"entities": [[34, 46, "TEMP_EXP"], [129, 140, "TEMP_EXP"], [219, 249, "TEMP_EXP"]]}
Evana Roth told CNN in August she thought her husband devised the plan after he was fired from his job in July. Her attorney, Lenard Leeds, said she had been unaware of the ruse before she uncovered the e-mail correspondence.	{"entities": [[20, 29, "TEMP_EXP"], [103, 111, "TEMP_EXP"]]}
"There needs to be a way for me to find out how things are going. Call me Sunday night at 8 PM at the resort," Raymond Roth wrote in an e-mail to his son the day before the son reported him missing.	{"entities": [[74, 94, "TEMP_EXP"], [154, 197, "TEMP_EXP"]]}
The son's case is still pending, the district attorney said. Jonathan Roth's attorney, Joey Jackson, defended his client after his arrest, saying, "There was abuse here, manipulation here, coercion here" from the father.	{"entities": []}
Raymond Roth's attorney, Brian Davis, denied in August that Roth had involved his son in the scheme.	{"entities": [[45, 54, "TEMP_EXP"]]}
"We had issues concerning the facts people had whether (Roth) had an agreement with his son," Davis told CNN on Thursday. "He's admitted it now. He's accepted responsibility."	{"entities": [[109, 121, "TEMP_EXP"], [140, 144, "TEMP_EXP"]]}
Davis added that his client has been under treatment for bipolar disorder in recent weeks.	{"entities": [[74, 89, "TEMP_EXP"]]}
During plea negotiations, Raymond Roth asked the district attorney's office not to give his son jail time, Davis said.	{"entities": []}
On the advice of both their attorneys, father and son have not been in contact since their arrests, Davis said.	{"entities": []}
"He would like to straighten things out with (Jonathan) when the time comes," he said.	{"entities": [[56, 75, "TEMP_EXP"]]}
Before the arrival of Keep, which Google launched this week, there was no default note-taking app for Android. It was a glaring hole, considering that Apple's iPhone has built-in Notes and Reminders apps that can be powered by Siri.	{"entities": [[50, 59, "TEMP_EXP"]]}
Instead of settling for a bare bones app to fill the void, the search giant took things one step further. Keep isn't simply just a place to bank whatever random half-thoughts come to mind: Users can construct to-do lists, stash photos, and color code your notes -- all in one well-designed and easy-to-use interface.	{"entities": []}
The second you log anything into your phone, it is also accessible from a PC Web browser via Google Drive. Alternatively, you can save things while working on your computer, and it will instantly appear on your phone, ready for use while on the go.	{"entities": []}
The design may not be as progressive as the to-do app Clear, but Keep makes up for that in its simplicity and efficiency.	{"entities": []}
Everything in Keep is presented like a Microsoft (MSFT, Fortune 500) Windows Phone-esque stream of tiles. Swiping left or right will archive those notes you no longer need (but don't want to erase entirely). At the top of the app is a text entry field that serves as your main point of entry for all new notes. And when viewing any specific note, tapping any part of that note (title, body, etc.) will allow you to edit it. The entire experience is frictionless.	{"entities": []}
That said, it's not going to conquer the world quite yet. Organization options are limited -- color coding is your only choice, and you can't re-order your notes. Sharing with others is mostly limited to email and Google+, and the desktop features are pretty bare bones.	{"entities": []}
But that's more a function of it being new, rather than poorly thought out. Like most things Google, expect the company to flesh out Keep over time and really turn it into our personal internet junk drawer.	{"entities": []}
It's easy to foresee the day the when users will be able to send anything from their Web browser or Maps directly to Keep. The prospect of Keep incorporating features of services such as Pinterest or Pocket, or even making it easy to catalog streaming media, could turn it into something big. That should scare Evernote.	{"entities": [[21, 122, "TEMP_EXP"]]}
Keep is not the reinvention of the wheel in any aspect -- there are a plethora of third-party apps already available for Android. But it is a well-exectuted refinement.	{"entities": []}
In filling a minor, but important gap in its mobile ecosystem, Google gives the competition one less claim of superiority over Android.	{"entities": []}
The FAA on Friday announced it will close 149 regional airport control towers because of forced spending cuts -- sparing 40 others that the FAA had been expected to shutter.	{"entities": [[8, 17, "TEMP_EXP"]]}
A four-week, phased closure of the 149 control towers will begin on April 7, the FAA said.	{"entities": []}
The FAA had been expected to announce the closure of 189 low- or moderate-volume towers staffed by contractors. Before Friday's announcement, it said it would consider keeping a tower open if the airport convinces the agency it is in the "national interest" to do so.	{"entities": [[112, 140, "TEMP_EXP"]]}
By congressional mandate, the FAA must cut nearly $600 million from its nearly $48 billion budget this fiscal year. Because the majority of its 47,000 employees are air traffic controllers, it is impossible to cut its budget without affecting controllers, the agency says.	{"entities": []}
President Barack Obama arrived in refugee-flooded Jordan on Friday after scoring a diplomatic coup just before leaving Israel when Prime Minister Benjamin Netanyahu apologized to Turkey for a 2010 commando raid that killed nine activists on a Turkish vessel in a Gaza-bound flotilla.	{"entities": [[57, 66, "TEMP_EXP"], [192, 196, "TEMP_EXP"]]}
The apology, long sought by Turkish Prime Minister Recep Erdogan, eased strained feelings between Turkey and Israel, two vital U.S. allies in the Middle East.	{"entities": []}
It happened in a phone call to Erdogan during a final meeting between Obama and Netanyahu at Ben Gurion International Airport in Tel Aviv minutes before Air Force One departed for Jordan to complete the president's Middle East swing. It is the first foreign trip of his second term.	{"entities": [[138, 233, "TEMP_EXP"]]}
A statement from Netanyahu's office said the apology included an offer of compensation. However, there was confusion later when the Israeli government dropped a reference in its original statement to normalized relations between the countries with a return of ambassadors.	{"entities": [[117, 271, "TEMP_EXP"]]}
There also was no word on whether the once-close nations would resume the joint military exercises that were suspended after the flotilla raid.	{"entities": [[119, 142, "TEMP_EXP"]]}
Turkey had been prosecuting four Israeli soldiers in absentia and Israel initially said the two leaders agreed to the cancellation of legal steps against the troops. Later, however, its amended statement omitted that action as well.	{"entities": [[166, 171, "TEMP_EXP"]]}
Microsoft Corp. broke sales records in 2010 when it released its Kinect - a movement-tracking device that enabled Xbox users to play their favorite games through gestures alone, without need of a controller.	{"entities": [[36, 43, "TEMP_EXP"]]}
Now, with the help of outside developers, the software giant is hoping to move the Kinect beyond gaming.	{"entities": [[0, 3, "TEMP_EXP"]]}
Microsoft is expanding into China with a company-funded incubator program for outside developers to build products based on Kinect technology for a range of industries including health care and retail.	{"entities": []}
In the U.S., 11 companies were selected last year for the accelerator's first three-month class in Seattle, out of nearly 500 applicants. Microsoft said it has identified three companies for the China program to run through June.	{"entities": [[40, 49, "TEMP_EXP"], [54, 89, "TEMP_EXP"]]}
The company gives each participating startup in the Seattle program $20,000 to create software that can be used with Kinect for Windows, but it is isn't asking for any ownership stakes or intellectual property rights. Microsoft also doesn't have any veto power over the ideas.	{"entities": []}
What Microsoft gets are developers around the world working on ideas that could potentially open up Kinect for Windows' technology to new markets - and convince consumers and businesses to buy the company's hardware and make use of the potential apps.	{"entities": []}
The Windows-ready Kinect sensor, which would be necessary for any business that wants to use these potential new technologies, is currently selling for $250 through Microsoft, more than twice what Microsoft charges for the gaming-only Xbox version.	{"entities": [[130, 139, "TEMP_EXP"]]}
But Iram Leon stands on the sidelines of his own race against time. Lodged in his brain is an untreatable and inoperable cancerous tumor that statistics suggest will kill him before he is 40, eight years from now. Medical science is advancing at a rate that doesn't preclude the development of a treatment, but it's not clear if it will come in time.	{"entities": [[175, 213, "TEMP_EXP"]]}
"No one knows what technology will be available in five years," said Allan Friedman, Duke University Hospital neurosurgeon in chief, who in 2011 removed as much of Leon's brain tumor as possible.	{"entities": [[48, 61, "TEMP_EXP"], [137, 144, "TEMP_EXP"]]}
The torment of enduring that wait can paste a cancer patient to the couch, a surrender heavily associated with deadlier outcomes. Some seek escape in their careers, but that is no longer an option for Leon, who early this year was forced to step down as a juvenile probation officer in Travis County, Texas, a position he had held for almost seven years. His thinking is no longer clear, said Leon, adding, "I was making too many mistakes on the stand."	{"entities": [[211, 226, "TEMP_EXP"], [331, 354, "TEMP_EXP"]]}
But Leon can still run. Two years after his brain-cancer diagnosis, he recently ran a sub-five-minute mile for the first time since high school. What has startled the medical community even more is what Leon did this month in Beaumont, Texas. He won the Gusher Marathon, finishing in 3:07:35. That was one second slower than his personal record in the 26.2-mile event, set days before he underwent brain surgery in early 2011.	{"entities": [[24, 66, "TEMP_EXP"], [212, 222, "TEMP_EXP"], [281, 292, "TEMP_EXP"], [412, 425, "TEMP_EXP"]]}
Israeli Prime Minister Benjamin Netanyahu apologized on Friday to Turkish Prime Minister Recep Tayyip Erdogan for a raid on a Turkish flotilla ship, a move that will help restore strained ties between the countries.	{"entities": [[53, 62, "TEMP_EXP"]]}
The call, which happened as President Barack Obama wrapped up his first presidential visit to Israel, was an unexpected outcome from a Mideast trip that seemed to yield few concrete steps.	{"entities": []}
Mr. Netanyahu's office confirmed that the Israeli leader, in a conversation with Mr. Erdogan, "agreed to restore normalization between Israel and Turkey, including the dispatch of ambassadors and the cancellation of legal steps against [Israeli Defense Forces] soldiers." Mr. Erdogan accepted the Israeli apology, the prime minister's office said.	{"entities": []}
Mr. Erdogan has long sought an apology for the raid in May 2010 on the Mavi Marmara, which was part of a flotilla that sought to break Israel's blockade of Gaza. An Israeli raid on the ship left nine passengers dead, all of them Turkish or of Turkish descent.	{"entities": [[52, 63, "TEMP_EXP"]]}
"In light of the Israeli investigation into the incident, which pointed out several operational errors, Prime Minister Netanyahu apologized to the Turkish people for any errors that could have led to loss of life and agreed to complete the agreement on compensation," the statement said.	{"entities": []}
Mr. Netanyahu told Mr. Erdogan that what happened on board the Mavi Marmara was "unintentional and Israel expresses regret over injuries and loss of life," according to the statement.	{"entities": []}
Mr. Obama said later at a news conference in Amman that he had spoken to both leaders over the past two years about how it was in the interests of both countries to restore normal relations.	{"entities": [[15, 50, "TEMP_EXP"], [86, 109, "TEMP_EXP"]]}
He said he discussed the issue with Mr. Netanyahu during his visit to Israel this week, and that they agreed the timing was good for a discussion with the Turkish leader.	{"entities": [[77, 86, "TEMP_EXP"]]}
The incident was a subject of talks between Mr. Netanyahu and President Barack Obama during the president's trip to Israel this week, officials said.	{"entities": [[123, 132, "TEMP_EXP"]]}
Health insurers are privately warning brokers that premiums for many individuals and small businesses could increase sharply next year because of the health-care overhaul law, with the nation's biggest firm projecting that rates could more than double for some consumers buying their own plans.	{"entities": [[125, 134, "TEMP_EXP"]]}
The projections, made in sessions with brokers and agents, provide some of the most concrete evidence yet of how much insurance companies might increase prices when major provisions of the law kick in next year - a subject of rigorous debate.	{"entities": [[201, 210, "TEMP_EXP"]]}
The projected increases are at odds with what the Obama Administration says consumers should be expecting overall in terms of cost. The Department of Health and Human Services says that the law will "make health-care coverage more affordable and accessible," pointing to a 2009 analysis by the Congressional Budget Office that says average individual premiums, on an apples-to-apples basis, would be lower.	{"entities": [[273, 277, "TEMP_EXP"]]}
The gulf between the pricing talk from some insurers and the government projections suggests how complicated the law's effects will be. Carriers will be filing proposed prices with regulators over the next few months.	{"entities": [[192, 216, "TEMP_EXP"]]}
Part of the murkiness stems from the role of government subsidies. Federal subsidies under the health law will help lower-income consumers defray costs, but they are generally not included in insurers' premium projections. Many consumers will be getting more generous plans because of new requirements in the law. The effects of the law will vary widely, and insurers and other analysts agree that some consumers and small businesses will likely see premiums go down.	{"entities": []}
Starting next year, the law will block insurers from refusing to sell coverage or setting premiums based on people's health histories, and will reduce their ability to set rates based on age. That can raise coverage prices for younger, healthier consumers, while reining them in for older, sicker ones. The rules can also affect small businesses, which sometimes pay premiums tied to employees' health status and claims history.	{"entities": [[0, 18, "TEMP_EXP"]]}
The last surviving member of the team which first conquered Everest in 1953 has died in a Derbyshire nursing home.	{"entities": [[68, 75, "TEMP_EXP"]]}
George Lowe, 89, died in Ripley on Wednesday after a long-term illness, with his wife Mary by his side.	{"entities": [[32, 44, "TEMP_EXP"]]}
New Zealand-born Mr Lowe was part of the team that helped Sir Edmund Hillary and Tenzing Norgay to the summit in 1953.	{"entities": [[110, 117, "TEMP_EXP"]]}
Family friend and historian Dr Huw Lewis-Jones paid tribute to a "gentle soul and fine climber" who shunned the limelight.	{"entities": []}
Mr Lowe also took part in the trans-Antarctic expedition of 1957-58, which made the first successful overland crossing of Antarctica via the South Pole.	{"entities": [[60, 67, "TEMP_EXP"]]}
He later made expeditions to Greenland, Greece and Ethiopia.	{"entities": [[3, 8, "TEMP_EXP"]]}
Speaking to the BBC in 1995, Mr Lowe said of his Antarctic adventure: "We estimated we could do it in 100 days, and we got across on the 99th day.	{"entities": [[20, 27, "TEMP_EXP"], [99, 110, "TEMP_EXP"], [130, 145, "TEMP_EXP"]]}
"There was a great feeling of euphoria from everyone. It had a multiplying effect.	{"entities": []}
"We were pleased that England and New Zealand knew about it, and we thought that's where it would stop."	{"entities": []}
He also talked about his "second job" as the group's cameraman, and having to wear four pairs of gloves to work the clockwork camera.	{"entities": []}
"When there were dramas, there was a split problem. Do you take part in the urgency - or do you record it?" he said.	{"entities": []}
Dr Lewis-Jones, the former curator at the Scott Polar Research Institute at the University of Cambridge, who first met Mr Lowe in 2005, called him a "hero".	{"entities": [[127, 134, "TEMP_EXP"]]}
"I don't often use that word but then it is not very often that you get to meet one," he said.	{"entities": []}
A book of memoirs and photographs from the climb by Mr Lowe, which he worked on with Dr Lewis-Jones, is due to be published in May.	{"entities": [[124, 130, "TEMP_EXP"]]}
He said: "Lowe was a brilliant, kind fellow who never sought the limelight... and 60 years on from Everest his achievements deserve wider recognition.	{"entities": [[82, 106, "TEMP_EXP"]]}
"He was involved in two of the most important explorations of the 20th Century... yet remained a humble, happy man right to the end... an inspirational lesson to us all."	{"entities": [[66, 78, "TEMP_EXP"]]}
Before retiring in 1984, Mr Lowe worked as an Inspector of Schools with the Department of Education and Sciences, and he leaves three sons from a previous marriage.	{"entities": [[16, 23, "TEMP_EXP"]]}
The last British climbing member of the 1953 team, Mike Westmacott, died last June.	{"entities": [[40, 44, "TEMP_EXP"], [73, 82, "TEMP_EXP"]]}
Israel's prime minister has apologised to Turkey for "any errors that could have led to loss of life" during the 2010 commando raid on an aid flotilla that tried to breach the Gaza blockade.	{"entities": [[102, 131, "TEMP_EXP"]]}
Benjamin Netanyahu also agreed with his Turkish counterpart Recep Tayyip Erdogan to compensate the families of the nine activists who were killed.	{"entities": []}
Mr Netanyahu had previously only expressed regret for the deaths.	{"entities": []}
The deal was brokered by US President Barack Obama during a visit to Israel.	{"entities": [[51, 75, "TEMP_EXP"]]}
Mr Erdogan's office said he had accepted the apology, "in the name of the Turkish people".	{"entities": []}
In the past, he has always given two conditions for restoring bilateral relations with Israel - an apology and compensation for victims' families.	{"entities": [[0, 11, "TEMP_EXP"]]}
Nine people were killed on board the Turkish aid ship, Mavi Marmara, when it was boarded by Israeli commandos while trying to transport aid supplies to Gaza in May 2010 in spite of an Israeli naval blockade.	{"entities": [[157, 168, "TEMP_EXP"]]}
The Israeli government admitted mistakes were made in intelligence-gathering and planning, but insisted its commandos used lethal force because activists had attacked them.	{"entities": []}
The activists said the troops had opened fire as soon as they boarded the vessel, which was in international waters at the time.	{"entities": []}
The incident provoked an international outcry and led to a major deterioration in relations between Turkey and Israel.	{"entities": []}
Before departing for Jordan on Friday afternoon, Mr Obama revealed that Mr Netanyahu and Mr Erdogan had just spoken by telephone.	{"entities": [[0, 47, "TEMP_EXP"]]}
Heavy snow is causing disruption to transport across the UK, with heavy rainfall bringing flooding to the south-west of England.	{"entities": []}
Rescuers searching for a woman trapped in a landslide at her home in Looe, Cornwall, said they had found a body.	{"entities": []}
Over 200,000 Belfast customers were affected by a blackout but power is starting to be restored.	{"entities": []}
Northern Ireland's World Cup qualifier with Russia has been postponed until 15:00 GMT Saturday due to heavy snow.	{"entities": [[70, 94, "TEMP_EXP"]]}
There are 12 flood warnings in the South West, with Met Office warnings for snow covering much of the UK.	{"entities": []}
This comes just over a week before the start of British Summer Time.	{"entities": [[16, 67, "TEMP_EXP"]]}
BBC forecasters said the snow would cause travel disruption across northern parts of the UK on Friday, with some 20cm-40cm (8in-16in) falling in places. Atrocious conditions could be expected on high ground, they said.	{"entities": [[92, 101, "TEMP_EXP"]]}
Roads in northern parts of Wales, the Midlands into the Pennines, southern Scotland and Northern Ireland would be the worst affected, while gale force winds would blow snow and drifts across trans-Pennine routes, they added.	{"entities": []}
Oil giant BP has said it will buy back $8bn of shares, returning to shareholders the money they had put into a complicated Russian venture.	{"entities": []}
It said it "expected to return to BP shareholders an amount equivalent to the value of the company's original investment in TNK-BP".	{"entities": []}
BP agreed to sell back its 50% stake in TNK-BP to Russia's Rosneft in October in return for $17.1bn in cash and shares.	{"entities": [[67, 77, "TEMP_EXP"]]}
It invested in TNK-BP in 2003.	{"entities": [[22, 29, "TEMP_EXP"]]}
BP chairman Carl-Henric Svanberg said: "We expect our stake in Rosneft will generate long-term value for BP and its shareholders. But this buyback programme should also allow our shareholders to see benefits in the near-term from the value we have realised by reshaping our Russian business."	{"entities": [[208, 224, "TEMP_EXP"]]}
BP expects the share buyback programme could take between 12 and 18 months to complete.	{"entities": [[50, 74, "TEMP_EXP"]]}
"In 2003 BP invested around $8bn in cash, shares and assets in the formation of TNK-BP," the oil giant said. "Over the following decade BP received a total of $19bn in dividends from the joint venture."	{"entities": [[1, 8, "TEMP_EXP"], [110, 135, "TEMP_EXP"]]}
Although BP's involvement in the Russian joint venture has been lucrative, relations with its partners have often been fraught with disagreement. In 2011, the AAR consortium attempted to block a drilling joint venture in the Arctic between BP and Rosneft through the courts and the plan was TEMP_EXPually dropped.	{"entities": [[146, 153, "TEMP_EXP"]]}
As well as internal wrangles, BP employees at TNK-BP have fallen foul of Russian authorities.	{"entities": []}
While serving as head of TNK-BP, Bob Dudley - now the head of BP as a whole - had his office bugged and raided by the police and met with onerous back-tax demands, legal action and visa problems.	{"entities": []}
He eventually fled the country in 2008.	{"entities": [[31, 38, "TEMP_EXP"]]}
But the tie-up with Rosneft will keep BP in Russia, allowing it to continue to explore and exploit the country's vast energy resources, including in the Arctic region. And Rosneft benefits from BP's expertise in exploring in difficult and potentially hazardous conditions.	{"entities": []}
Russian police and tax inspectors have raided the offices of the human rights group Memorial and other civil society groups which get foreign funding.	{"entities": []}
Memorial is famous for documenting human rights abuses in Russia.	{"entities": []}
The US embassy in Moscow has voiced concern and asked the Russian government for an explanation.	{"entities": []}
A new Russian law says foreign-funded non-governmental groups (NGOs) linked to politics must register as "foreign agents" - a term which suggests spying.	{"entities": []}
In the worst repressions of the Soviet period the label "foreign agents" was used to denounce dissidents - or simply political rivals of Joseph Stalin - and could lead to execution.	{"entities": [[28, 45, "TEMP_EXP"]]}
Memorial says inspectors returned to its Moscow offices on Friday, having already seized 600 documents including accounts on Thursday.	{"entities": [[56, 65, "TEMP_EXP"], [122, 133, "TEMP_EXP"]]}
A statement on the Memorial website said the inspections were directly linked to the new law on NGOs and the targeted groups' compliance with it.	{"entities": []}
Memorial director Arseny Roginsky, quoted by the Russian news website Vesti, said it was "a complete check on everything concerned with our sources of funding".	{"entities": []}
He insisted that the NGO law "will not change our position at all". "We won't refuse foreign donations, nor will we register as a 'foreign agent'," he said.	{"entities": []}
China's state leadership transition has taken place this month against an ominous backdrop. More than 16,000 dead pigs have been found floating in rivers that provide drinking water to Shanghai. A haze akin to volcanic fumes cloaked the capital, causing convulsive coughing and obscuring the portrait of Mao Zedong on the gate to the Forbidden City.	{"entities": [[52, 62, "TEMP_EXP"]]}
Last month, after deadly air pollution hit record levels in northern China, officials led byWen Jiabao, then the prime minister, put forward strict new fuel standards that the oil companies had blocked for years. But there are doubts about whether the oil companies will comply, especially since oil officials resisted a similar government order for higher-grade fuel four years ago. State-owned power companies have been similarly resistant. The companies regularly ignore government orders to upgrade coal-burning electricity plants, according to ministry data. And as with the oil companies, the power companies exert an outsize influence over environmental policy debates.	{"entities": [[0, 10, "TEMP_EXP"], [202, 212, "TEMP_EXP"], [368, 383, "TEMP_EXP"]]}
In 2011, during a round of discussions over stricter emissions standards, the China Electricity Council, which represents the companies, pushed back hard against the proposals, saying that the costs of upgrading the plants would be too high.	{"entities": [[0, 7, "TEMP_EXP"]]}
On Feb. 28, Deutsche Bank released an analysts' note saying that China's current economic policies would result in an enormous surge in coal consumption and automobile sales over the next decade. "China's air pollution will become a lot worse from the already unbearable level," the analysts said, calling for drastic policy changes and "a strong government will to overcome the opposition from interest groups."	{"entities": [[0, 10, "TEMP_EXP"], [174, 195, "TEMP_EXP"]]}
The report estimated that the number of passenger cars in China was on track to hit 400 million by 2030, up from 90 million now.	{"entities": [[96, 103, "TEMP_EXP"]]}
A Cyprus exit from the euro union, if it comes to that, would have a devastating effect on the country's citizens, who are among the most indebted in the euro zone. And for European unity and diplomacy, the Cyprus debacle has already been at least a short-term disaster.	{"entities": []}
ut for the broader financial system in Europe, the losses resulting from a Cypriot banking collapse and the country's return to its former currency would be minimal compared with the havoc that Greece would have created had it not been bailed out.	{"entities": []}
And that, economists and investors contend, is why Germany and its Dutch stalking horse, Jeroen Dijsselbloem, the president of the Eurogroup of finance ministers, were so adamant that depositors - large and small, Cypriot and Russian - contribute 5.8 billion euros ($7.5 billion) toward the 10 billion euro bailout of Cyprus's largest banks.	{"entities": []}
Greece may well have been too big to fail last year, but Cyprus, which creates less than one-half percent of the euro zone's gross domestic product, is certainly not.	{"entities": [[42, 51, "TEMP_EXP"]]}
From a financial standpoint, what is most noteworthy is that the combined debt of the Cypriot people, companies and government is 2.6 times the size of the country's gross domestic product. Only Ireland, still struggling to recover from the banking collapse that required an international bailout in 2010, has a higher debt-to-G.D.P. ratio among euro zone countries.	{"entities": [[297, 304, "TEMP_EXP"]]}
As debts in Europe mount in inverse proportion to the ability of its citizens, companies and governments to make good on them, the view is forming in Berlin and Brussels that a signal must be sent that citizens and investors must start accepting losses for the euro zone to survive in the long run.	{"entities": [[282, 297, "TEMP_EXP"]]}
"There have been too many bailouts in Europe; it's time to remove the air bags," said Stephen Jen, a former economist at the International Monetary Fund who runs a hedge fund in London. "This is not a Lehman," he said, referring to the disastrous chain reaction touched off by the collapse of Lehman Brothers in 2008.	{"entities": [[309, 316, "TEMP_EXP"]]}
Eric Dor is a French economist who has studied the mechanics of how a country might remove itself from the monetary union. By his calculations, the euro zone - through its central banking system and its national banks - has just 27 billion euros in outstanding credit exposure to Cyprus. That is a mere rounding error compared with the euro zone G.D.P. of 9.4 trillion euros.	{"entities": []}
Estimates of the potential cost if Greece had been forced into a disorderly euro exit have ranged from 200 billion euros to 800 billion euros, given the larger exposure that the European Central Bank and European banks had to the country.	{"entities": []}
"This explains why Germany and others are putting so much pressure on Cyprus," said Mr. Dor, head of research at the Ieseg School of Management in Lille, France. "They are saying we can take the risk of pushing Cyprus out of the euro zone, and that Europe can take the losses without going broke."	{"entities": []}
Mr. Dor notes that the current euro zonewide system of insuring bank deposits up to 100,000 euros was put in place after the financial panic that followed the Lehman collapse. Those deposits are supposed to be insured by national governments.	{"entities": []}
So when the president of Cyprus admitted this week that his country did not have the money to backstop the 30 billion euros of guaranteed bank deposits - a figure greater than the Cypriot economy itself - a crucial bond of trust between a government and its citizens was snapped.	{"entities": [[41, 50, "TEMP_EXP"]]}
"It is the first time ever that the leader of a euro zone country has admitted that he could not afford to pay the guarantee," Mr. Dor said.	{"entities": []}
A hasty expulsion from the euro zone would make the savings of the Cypriot people all the more evanescent, once they are converted back into Cypriot pounds, the currency Cyprus used before adopting the euro in 2007.	{"entities": [[207, 214, "TEMP_EXP"]]}
Former President Nicolas Sarkozy was informed Thursday that he would face a formal investigation into whether he abused the frailty of Liliane Bettencourt, 90, the heiress to the L'Oreal fortune and France's richest woman, to get funds for his 2007 presidential campaign. Mr. Sarkozy has denied accepting illegal campaign funds from Ms. Bettencourt, either personally or through his party treasurer at the time, Eric Woerth, as alleged by her former butler. Mr. Sarkozy's lawyer, Thierry Herzog, called the judge's decision, which indicates that the judge believes that Mr. Sarkozy probably committed a crime, "incoherent" and "unjust." The lawyer said he would appeal. The ruling does not necessarily mean that Mr. Sarkozy, who lost his re-election bid last May and with it his presidential immunity from prosecution, will stand trial.	{"entities": [[46, 54, "TEMP_EXP"], [244, 248, "TEMP_EXP"], [399, 410, "TEMP_EXP"], [754, 762, "TEMP_EXP"]]}
An hour before her colleagues gathered for their first vote of a new Congress, Senator Kelly Ayotte slipped into an empty Senate chamber to savor the grandeur of her legislative home. As Ms. Ayotte, a freshman Republican from New Hampshire, sat down at the wooden desk where generations of lawmakers from her state had cast their votes, a doorman marched toward her with purpose.	{"entities": [[0, 77, "TEMP_EXP"]]}
The desks, he sternly told her, were for senators only.	{"entities": []}
Ms. Ayotte's induction that January day in 2011 into the most rarefied ranks of the nation's political class, female senators, had begun. "The desk thing really stuck with me," Ms. Ayotte said. "There still just aren't that many of us."	{"entities": [[23, 47, "TEMP_EXP"]]}
In the 90 years since Rebecca Felton of Georgia became the first woman in the United States Senate - sworn in for a mere 24 hours - women remain an anomaly in the upper chamber. But with 20 female senators now in office, an all-time high, women have morphed from the curiosity they were for much of the 20th century into an important new force on key committees and legislation.	{"entities": [[0, 98, "TEMP_EXP"], [110, 129, "TEMP_EXP"], [206, 209, "TEMP_EXP"], [303, 315, "TEMP_EXP"]]}
A record nine women now lead committees, including some of the most powerful ones. For the first time there is a woman - Senator Barbara A. Mikulski, a Maryland Democrat - in charge of the Senate Appropriations Committee, which dispenses billions of dollars annually throughout the government and has long been particularly dominated by men. Senator Patty Murray, a Washington Democrat, is the first chairwoman of the Budget Committee and is charged with shaping the Democratic strategy in the fiscal battle dominating Capitol Hill.	{"entities": []}
One of the biggest bills to pass the Senate last year was farm legislation led by Senator Debbie Stabenow, a Michigan Democrat who presides over the agriculture committee. Senator Barbara Boxer, the California Democrat who is chairwoman of the Environment and Public Works Committee, shepherded the highway bill.	{"entities": [[44, 53, "TEMP_EXP"]]}
"We are growing in number," said Senator Amy Klobuchar, Democrat of Minnesota. "But more importantly, we are growing in our power. When I first started just six years ago, it was unusual to have a woman managing a bill."	{"entities": [[157, 170, "TEMP_EXP"]]}
Just as important, even male senators say, is the potential the women hold for changing the tenor of the Senate and pushing for compromise in the highly partisan atmosphere on Capitol Hill.	{"entities": []}
"I don't want to generalize, because this isn't true of all of them, but they tend to be interested in finding common ground," said Senator Rob Portman, Republican of Ohio. "So I think it's going to have, and is having, a positive impact on the Senate."	{"entities": []}
While partisan division is the central characteristic of the modern Congress, women have begun to crack away at the gridlock by forming coalitions that have surprised leaders of both parties. Senator Kirsten E. Gillibrand, Democrat of New York, and Senator Susan Collins, Republican of Maine, led the repeal in the Senate of "don't ask, don't tell" in 2010, allowing gay men and women to serve openly in the military.	{"entities": [[349, 356, "TEMP_EXP"]]}
This year, all four of the female Senate Republicans split with their party and voted with Senate Democrats to reauthorize the Violence Against Women Act, which had lapsed during the last Congress.	{"entities": [[0, 9, "TEMP_EXP"]]}
Our digital age is all about bits, those precise ones and zeros that are the stuff of modern computer code.	{"entities": [[0, 15, "TEMP_EXP"]]}
But a powerful new type of computer that is about to be commercially deployed by a major American military contractor is taking computing into the strange, subatomic realm of quantum mechanics. In that infinitesimal neighborhood, common sense logic no longer seems to apply. A one can be a one, or it can be a one and a zero and everything in between all at the same time.	{"entities": []}
It sounds preposterous, particularly to those familiar with the yes/no world of conventional computing. But academic researchers and scientists at companies like Microsoft, I.B.M. and Hewlett-Packard have been working to develop quantum computers.	{"entities": []}
Now, Lockheed Martin which bought an early version of such a computer from the Canadian company D-Wave Systems two years ago is confident enough in the technology to upgrade it to commercial scale, becoming the first company to use quantum computing as part of its business.	{"entities": [[0, 3, "TEMP_EXP"], [111, 124, "TEMP_EXP"]]}
Skeptics say that D-Wave has yet to prove to outside scientists that it has solved the myriad challenges involved in quantum computation.	{"entities": []}
But if it performs as Lockheed and D-Wave expect, the design could be used to supercharge even the most powerful systems, solving some science and business problems millions of times faster than can be done today.	{"entities": [[207, 212, "TEMP_EXP"]]}
Ray Johnson, Lockheeds chief technical officer, said his company would use the quantum computer to create and test complex radar, space and aircraft systems. It could be possible, for example, to tell instantly how the millions of lines of software running a network of satellites would react to a solar burst or a pulse from a nuclear explosion something that can now take weeks, if ever, to determine.	{"entities": [[365, 368, "TEMP_EXP"]]}
Ms. Atimadi says that is the primary focus of her group, peace and justice. She says her group is appealing to individuals, to the international community, and to the combatants and people of Afghanistan to stop the bloodletting which has torn the country apart. Lisa Schlein for VOA News, Geneva.	{"entities": []}
In a bit of television diplomacy, Iraq's deputy foreign minister responded from Baghdad in less than one hour, saying Washington would break international law by attacking without UN approval.	{"entities": [[88, 109, "TEMP_EXP"]]}
Chanting Helmut Kohl must go the unemployed took to the streets of the German capital, Berlin, mirroring protests around the country. Joblessness is now at its highest level in Germany since the second world war. With the general election due this September, record figures couldn't have come at a worst time for Chancellor Kohl. His promise to half unemployment by the year two thousand has now been abandoned. And the German electorate appears increasingly eager to dispense with the services of Europe's longest serving leader. Caroline Wyatt, BBC news, Bonn.	{"entities": [[149, 152, "TEMP_EXP"], [243, 257, "TEMP_EXP"], [363, 387, "TEMP_EXP"]]}
ROGERS COMMUNICATIONS Inc. said it plans to raise 175 million to 180 million Canadian dollars (US$148.9 million to $153.3 million) through a private placement of perpetual preferred shares. Perpetual preferred shares aren't retractable by the holders, the company said. Rogers said the shares will be convertible into Class B shares, but that the company has the option to redeem the shares before a conversion takes place. A spokesman for the Toronto cable television and telecommunications concern said the coupon rate hasn't yet been fixed, but will probably be set at around 8%. He declined to discuss other terms of the issue.	{"entities": []}
The Saudi Arabian government has an atrocious record on human rights and is known to be one of the worst offending countries when it comes to religious persecution.	{"entities": []}
For The World, this is Pamela McCall in the BBC news room in London. More heavy gunfire in the Serbian province of Kosovo. It's the second day of an offensive by the security forces against villages populated by ethnic Albanians. BBC correspondent Karyn Coleman reports from Kosovo.	{"entities": [[123, 229, "TEMP_EXP"]]}
BONN, Germany (AP)_ A phony address listed on disclosure forms for a French donor will cost the far-right German People's Union about 549,000 marks (dlrs 305,000), parliament said Friday. Parliamentary president Rita Suessmuth said the People's Union correctly listed Jacques de Mathan as having donated about 274,500 marks in 1995, but gave a false address for him. German law requires parties to publish the name and address of anyone who donates more than 20,000 marks (dlrs 11,000). The anti-foreigner party said it wanted to protect the donor from possible attacks. Suessmuth said, however, that the law does not allow for providing a false address for any reason. The fine is twice the donation, as provided for under German party financing laws. Party spokesman Bernd Droese said the People's Union would challenge the fine in court. The extremist party recently took a surprising 13 percent of the vote in elections in a depressed eastern German state, and hopes to win its first seats in the federal parliament this September. UR (pfg-xx)	{"entities": [[180, 187, "TEMP_EXP"], [324, 331, "TEMP_EXP"]]}
That's correct.	{"entities": []}
The entire world will see images of the Pope in Cuba. They'll see images of the Pope with Fidel Castro. It will give the rest of the world the view that Cuba is like any other nation, something the US has, of course, tried to persuade the world that it is not.	{"entities": []}
WASHINGTON _ Following are statements made Friday and Thursday by Lawrence Wechsler, a lawyer for the White House secretary, Betty Currie; the White House; White House spokesman Mike McCurry, and President Clinton in response to an article in The New York Times on Friday about her statements regarding a meeting with the president: Wechsler on Thursday ``Without commenting on the allegations raised in this article, to the extent that there is any implication or suggestion that Mrs. Currie was aware of any legal or ethical impropriety by anyone, that implication or suggestion is entirely inaccurate.'' White House on Thursday ``For the past few weeks we've been subjected to false leaks designed to mislead both reporters and the American public. We're not going to dignify the latest false leak with a response.'' McCurry on Friday ``I want to be absolutely clear, to the extent there is any implication or the slightest suggestion that Mrs. Currie believes that the President or anyone else tried to influence her recollection, that is absolutely false and a mischaracterization of the facts. I am shocked and dismayed by the numerous leaks regarding Mrs. Currie's grand jury testimony.'' Clinton on Friday. ``Once again, I never asked anybody to do anything but tell the truth. I know about the stories today. I was pleased that Ms. Currie's lawyers stated unambiguously this morning _ unambiguously _ that she's not aware of any unethical conduct.	{"entities": [[43, 49, "TEMP_EXP"], [54, 62, "TEMP_EXP"], [262, 271, "TEMP_EXP"], [342, 353, "TEMP_EXP"], [619, 630, "TEMP_EXP"], [631, 655, "TEMP_EXP"], [828, 837, "TEMP_EXP"], [1204, 1214, "TEMP_EXP"], [1311, 1317, "TEMP_EXP"], [1379, 1391, "TEMP_EXP"]]}
An intense manhunt conducted by the FBI and the bureau of alcohol, tobacco and firearms continues for Rudolph in the wilderness of western north Carolina. And this week, FBI director Louie Freeh assigned more agents to the search.	{"entities": []}
ADDIS ABABA, Ethiopia (AP)_ The Organization of African Unity said Friday it would investigate the Hutu-organized genocide of more than 500,000 minority Tutsis in Rwanda nearly four years ago. Foreign ministers of member-states meeting in the Ethiopian capital agreed to set up a seven-member panel to investigate who shot down Rwandan President Juvenal Habyarimana's plane on April 6, 1994. The assassination touched off a murderous rampage by Hutu security forces and civilians, who slaughtered mainly Tutsis but also Hutus who favored reconciliation with the minority. It also reignited the civil war. The panel also will look at the exodus of about 2 million Rwanda Hutus to neighboring countries where they lived in U.N.-run refugee camps for 2 1/2 years. The investigation will consider the role of ``internal and external forces prior to the genocide and subsequently, and the role of the United Nations and its agencies and the OAU before, during and after the genocide,'' the OAU said. The panel will be based in Addis Ababa, and will finish its investigation within a year, it said. It is to be funded by voluntary contributions from within and outside the continent. (aa-kjd)	{"entities": [[67, 73, "TEMP_EXP"], [170, 192, "TEMP_EXP"], [377, 391, "TEMP_EXP"], [748, 760, "TEMP_EXP"]]}
Once Colonel Collins was picked as a NASA astronaut, she followed a normal progression within NASA. Nobody hurried her up. No one held her back.	{"entities": []}
Loudon county officials say they'll rule on the application based only on land use issues and ignore all the other objections. What's really behind those objections, some say, is Loudon county's collision with a new reality in America that the country is changing religiously as surely as it is racially and ethnically. According to the Arab American institute, Islam will one day be the second largest religion in the country. For an indication of the problems that could face Muslims as they integrate into American life, one need look no farther than Loudon county, Virginia. For The World, I'm Nancy Marshalll.	{"entities": []}
The controller at Boston center tries to raise TWA eight hundred.	{"entities": []}
And law enforcement sources say they can't ignore letters penned under the name army of god. Army of god is a secret organization that hates abortion providers, homosexuals and the US government.	{"entities": []}
At a public hearing on the Islamic Saudi Academy's application, the split in county opinion was obvious, supporters of the academy, including Ann Robinson, said the Saudis were just providing a service and it was unfair to penalize children.	{"entities": []}
Yesterday New York governor George Pataki toured five counties that have been declared under a state of emergency. He added one more today.	{"entities": [[0, 9, "TEMP_EXP"], [133, 138, "TEMP_EXP"]]}
Israeli Prime Minister Benjamin Netanyahu says considerable gaps remain between Israeli and Palestinian positions before next week's talks in London. He and Palestinian leader Yasser Arafat meet separately Monday with US Secretary of State Madeleine Albright. At a news conference with US Vice President Al Gore in Jerusalem, Mr. Netanyahu suggested Israel might be willing to move a little on issues holding up peace, but he said he expects an equal effort from the Palestinians.	{"entities": [[114, 130, "TEMP_EXP"], [206, 212, "TEMP_EXP"]]}
A powerful ice storm continues to maintain its grip.	{"entities": []}
"Timex had requested duty-free treatment for many types of watches, covered by 58 different U.S. tariff classifications. The White House said Mr. Bush decided to grant duty-free status for 18 categories, but turned down such treatment for other types of watches because of the potential for material injury to watch producers located in the U.S. and the Virgin Islands.	{"entities": []}
Under the offer, shareholders will receive one right for each 105 common shares owned. Each right entitles the shareholder to buy $100 face amount of 13.5% bonds due 1993 and warrants to buy 23.5 common shares at 30 cents a share. The rights, which expire Nov. 21, can be exercised for $100 each.	{"entities": [[166, 170, "TEMP_EXP"], [256, 263, "TEMP_EXP"]]}
There were more accounts of people fleeing from the villages near where the offensive was taking place. They were too afraid to stay, fearing the forces may also move their operations further afield. By mid afternoon, official Serb sources were saying the operation was over, but that has not yet been confirmed from Belgrade, the capital of Serbia, which is where the whole attack is thought to have been planned. The ethnic Albanians here in Kosovo are considerably worried about the future and fear they are witnessing the beginnings of a much wider conflict. Karyn Coleman, BBC news, Pristina.	{"entities": [[200, 216, "TEMP_EXP"]]}
Montedison currently owns about 72% of Erbamont's common shares outstanding.	{"entities": []}
"Even as Saddam Hussein was searching for a ploy to ease his isolation, though, the international pressure against him clicked up another notch. The White House yesterday disclosed that Kuwait's ousted government has formally asked the U.S. to enforce the total trade embargo the United Nations has imposed on Iraq, allowing the U.S. and other nations to immediately begin stopping ships carrying Iraqi goods. Secretary of State James Baker, speaking on ABC News' This Week, said the Kuwaiti request gives the U.S. and other countries a legal basis for stopping the export of oil and that sort of thing. The U.S. maintains that under the U.N. charter, the Kuwaiti request triggers steps for the collective enforcement of international sanctions. Mr. Baker declined to use the word blockade, but said that interdiction of Iraqi shipments would begin  almost instantly. In a statement, the White House said it would do whatever is necessary to ensure compliance with the sanctions. Other Bush administration officials said that the international naval force in the area -- consisting of American, British, French, Canadian, Soviet, German and Australian ships -- may be used both to stop oil exports from leaving Iraq and Kuwait and to stop shipments of food and other goods from going in. President Bush implied as much yesterday when reporters asked whether the interdiction would apply to food. The president responded, Everything, everything. While shying away from actually using the word blockade, Mr. Bush acknowledged that the U.S. and others were trying to block shipping to Iraq. No point getting into all these semantics, he said. The main thing is to stop the oil from coming out of there. The naval interdiction force is part of an overall American strategy that officials say is designed to leave the Iraqi leader with only the stark choice of backing out of Kuwait or launching new attacks to change his situation. Though they insist they aren't trying to lure Saddam Hussein into an attack, officials hope that if he strikes again, the U.S. and its allies will have such an impressive force in place in Saudi Arabia that they will be able to crush him in retaliation. Iraq's first option, of course, may be simply to sit tight and hope it can endure a trade embargo longer than the West can live without Iraqi and Kuwaiti oil. Speaking on the ABC program, Abdul Amir al-Anbari, Iraq's ambassador to the U.N., asserted that an embargo on Iraq could plunge the U.S. into a depression and the rest of the world into an economic crisis. Iraq clearly is trying to woo back more Arab support in case the conflict drags on, hoping that its neighbors eventually will help it survive a prolonged war of economic attrition with the West. So Saddam Hussein on Friday tried to scare other Arab leaders into supporting him by calling on Arabs to rise up in a holy war against leaders who invited American and other Western soldiers into Saudi Arabia to protect the oil-rich kingdom. Then yesterday, he tried to entice Arab leaders with his proposal for a diplomatic solution linking his occupation of Kuwait with Israel's occupation of the West Bank. The proposal also called for replacing American and other Western troops in Saudi Arabia with Arab forces. The Bush administration immediately said it categorically  rejects the proposals. And President Bush yesterday, asked whether he was at least glad Iraq is discussing negotiations, replied: I don't see anything to be pleasing in there at all. American strategists are calculating, though, that the trade sanctions -- enforced by an effective though perhaps undeclared naval blockade -- will hold tightly enough to convince Iraq that it will lose in the long run by simply standing pat. At that point, rather than go through the humiliation of backing out of Kuwait, the Iraqis might well conclude that they need to lash out in some way to shake things up. In that event, Saddam Hussein appears to have three choices. The first would be to launch the much-feared direct invasion of Saudi Arabia, hoping to seize some Saudi oil fields and improve his bargaining position. But that option is growing less and less likely as thousands of American, British, Egyptian, Syrian and Moroccan forces assemble in and around Saudi Arabia to protect the kingdom. The Saudis even have in their possession 48 Kuwaiti jet fighters, virtually the entire Kuwaiti air force, which managed to escape the Iraqi invasion, Saudi officials said. The Saudi window of vulnerability... is closing very fast, Prince Bandar bin Sultan, the Saudi ambassador to Washington, said over the weekend. The second possibility would be to start a fight with Israel, in hopes that all Arabs would have to move behind Iraq in a fight against their common Israeli enemy. In such an event, Saddam Hussein also might calculate, the Saudis would be under pressure to kick out U.S. troops because of America's close ties with Israel. Iraq could start hostilities with Israel either through a direct attack or by attacking Jordan. Israel has publicly declared that it will respond to an Iraqi attack on Jordan because it won't allow Iraq's dangerous army to take control of Jordan's long border with Israel. Iraq's third attack option would be to start an undeclared war on the U.S. and other Western nations through terrorism. Two Middle East terrorists with records of successful attacks against Western targets, Abu Nidal and Abu Abbas, have ties to Baghdad. And even terrorist groups that opposed Iraq in its war with Iran show signs of swinging behind Saddam Hussein now that he is in a confrontation with the U.S. And Iraq still has thousands of Americans and other Westerners under its control in Iraq and Kuwait. They aren't being allowed to leave and could become hostages. If Iraq chooses a simple war of nerves and economic attrition, the Bush administration knows a long stalemate could try the patience of the American public and the West in general, and could open the possibility that moderate Arabs -- even including Saudi Arabia -- might drop out of the effort against Iraq and accept some deal from Saddam Hussein. But U.S. officials have sized up Saddam Hussein as a man who, despite some recklessness, will back down if he must. This is a guy who is impulsive, and therefore capable of big miscalculations, says one senior administration official involved in managing the crisis. The official adds, though, that at the same time, we think he is someone who is capable of rational judgments when it comes to power. And when he finds something is unprofitable, then one can see certain accommodations. Thus, administration aides will be trying to calculate whether Saddam Hussein's proposed diplomatic formula for getting out of Kuwait represents the first sign he is searching for a way out or simply is a public relations stunt. There are disagreements among experts about how much pressure will be needed to make Saddam Hussein decide he's up against the wall and whether simple economic pressure will ever be enough. The biggest worry is that if he decides he needs a way out of his predicament but doesn't see a face-saving method, he could lash out in dangerous and unpredictable ways. U.S. officials claim they already see signs Saddam Hussein is getting nervous. In the first days after President Bush announced the dispatching of U.S. troops, they note, the Iraqi leader made several nationwide addresses indirectly -- having them read by a television announcer. That shows he's nervous about pinpointing his location, either because he's afraid we'll find him, or that internal enemies will, says one U.S. official. The unpredictability of Iraq's leader is a principal reason the U.S. is going to such great lengths to build a mammoth force in and around Saudi Arabia. Pentagon officials say the goal is to put 40,000 troops in the region by the end of the month. But the administration isn't putting any upper limit on how high the force could go after that, calculating that it would be a mistake to underestimate and an advantage to keep Saddam Hussein guessing. U.S. commanders in charge of planning for Middle East crises have indicated in the past that they were capable of deploying as many as 300,000 troops. And the U.S. is taking similar steps to ensure that its naval force is adequate to carry out a blockade of Iraq and support a war if necessary. Over the weekend, Pentagon officials confirmed reports that a fourth U.S. aircraft carrier -- the John F. Kennedy -- and its powerful group of support ships could head for the Middle East within a few days. Three other carriers and their escort vessels already are stationed within striking distance of Iraq or are steaming toward the area. But unless the military situation changes drastically, military officials say, the most likely plan will be for the Kennedy to eventually replace the carrier Dwight D. Eisenhower, which has been on patrol since March and was scheduled to return to port before hostilities erupted in Kuwait. --- Andy Pasztor contributed to this article.	{"entities": [[160, 169, "TEMP_EXP"], [464, 473, "TEMP_EXP"], [1328, 1337, "TEMP_EXP"], [3010, 3019, "TEMP_EXP"], [3383, 3392, "TEMP_EXP"], [4633, 4650, "TEMP_EXP"], [7332, 7411, "TEMP_EXP"], [8434, 8450, "TEMP_EXP"], [8622, 8640, "TEMP_EXP"], [8980, 8991, "TEMP_EXP"]]}
BAGHDAD, Iraq (AP)_ An American leader of a U.N. weapons inspection team resumed work in Iraq Friday, nearly two months after his team was effectively blocked. Scott Ritter led his team on a 10-hour tour of three suspected weapons sites classified as ``sensitive'' by the Iraqi authorities, U.N. spokesman Alan Dacey said. ``All sites were inspected to the satisfaction of the inspection team and with full cooperation of Iraqi authorities,'' Dacey said. At least one of the sensitive sites was a barracks of the elite Republican Guard, a well-placed source told The Associated Press. Previously the Iraqis have resisted attempts to inspect such quarters. The U.N. Security Council has charged the inspectors with verifying that Iraq has destroyed its long-range missiles and weapons of mass destruction. It was the first time that Ritter, who arrived Thursday with some 50 inspectors for a tour likely to last over a week, had been allowed to carry out an inspection since Jan. 13. Then the Baghdad government stopped providing Ritter's team with escorts, making it impossible for him to enter any site. Iraq alleged Ritter was an American spy whose team had a disproportionately high number of Americans and Britons. The official Iraqi News Agency, which gives the daily tally of inspections, did not mention Ritter by name, but said Friday that team no. 225 _ which Ritter heads _ made surprise visits to a number of sites and was assisted by aerial surveillance. Five other U.N. inspection teams visited a total of nine other sites, the agency reported. An Iraqi official, speaking on customary condition of anonymity, said Ritter would not try to visit any of the eight presidential sites that Baghdad had placed off-limits to U.N. weapons inspectors. The official said these sites could only be visited by a special team of U.N. monitors and diplomats as laid down by the Feb. 23 accord signed by U.N. Secretary-General Kofi Annan and Iraqi Deputy Prime Minister Tariq Aziz. Ritter's return is seen as something of a test of that agreement, under which Iraq agreed to give inspectors full access to eight of Saddam Hussein's presidential palaces. The United States had moved additional troops and a naval armada into the Gulf and said it would strike Iraq unless it gave the U.N. arms inspectors unfettered access to all potential weapons sites, including Saddam's palaces. Iraq had argued the presidential sites should be off limits as symbols of sovereignty. A Pentagon spokesman said Thursday that the 38,000 U.S. troops in the Gulf will remain until Iraq complies with the U.N. Security Council agreement over weapons inspections. ``We are going to maintain our forces in the region for the foreseeable future,'' said spokesman Kenneth Bacon. The U.N.-Iraq accord was worked out by U.N. Secretary-General Kofi Annan, who appointed a retired Indian diplomat on Thursday as his special representative to Iraq. Prakash Shah, 58, a former Indian ambassador to the United Nations, is part of an effort by Annan to expand contacts with the Iraqi leadership. Palace inspections are not expected to start until the new agreement's procedures are in place. U.N. officials in New York on Friday finished drafting the rules, in consultation with Iraqi diplomats. The procedures are due to go before the Security Council next week. The Security Council has said it will not lift the sweeping sanctions imposed on Iraq after its 1990 invasion of Kuwait until the U.N. inspectors certify that Baghdad has eliminated its weapons of mass destruction.	{"entities": [[113, 119, "TEMP_EXP"], [1400, 1414, "TEMP_EXP"], [2346, 2373, "TEMP_EXP"], [2552, 2563, "TEMP_EXP"], [2838, 2847, "TEMP_EXP"], [2901, 2910, "TEMP_EXP"]]}
The approach of the year two thousand has many of these groups in a kind of millennial frenzy. Uh, uh a- they believe, or at least many of them believe, uh that they are approaching the Battle of Armageddon in which they will be pitted against the uh kind of Satanic forces trying to take over the world.	{"entities": [[16, 37, "TEMP_EXP"]]}
In Washington today, the Federal Aviation Administration released air traffic control tapes from the night the TWA Flight eight hundred went down. There's nothing new on why the plane exploded, but you cannot miss the moment. ABC's Lisa Stark has more.	{"entities": [[14, 19, "TEMP_EXP"]]}
WASHINGTON _ The economy created jobs at a surprisingly robust pace in January, the government reported on Friday, evidence that America's economic stamina has withstood any disruptions caused so far by the financial tumult in Asia. The Bureau of Labor Statistics said the economy added 358,000 jobs last month, far above the 235,000 forecast by economists. It was the third consecutive month that job generation has been exceptionally strong. With growing opportunities for work drawing more people into the labor force, the unemployment rate remained at 4.7 percent last month, just a notch above its quarter-century low. The demand for workers also led employers to raise wages again last month. Average hourly earnings of production and nonsupervisory employees rose 4 cents, to $12.51. The gain left wages 3.8 percent higher than a year earlier, extending a trend that has given back to workers some of the earning power they lost to inflation in the last decade. But economists said the wage increase was not enough to raise any concerns about higher inflation. And because the Federal Reserve has made clear that it expects the economy to slow in coming months as ripple effects from Asia reach the United States, investors disregarded the large jobs gains, betting that neither a rise in interest rates nor resurgent inflation is looming. Stocks rose, pushing the Dow Jones industrial average up 72.24 points, to 8,189.49, leaving the index within 70 points of its record high set on Aug. 6. In the bond market, a sensitive barometer of inflation anxiety, prices edged up, pushing down the yield on the benchmark 30-year Treasury bond to 5.92 percent from 5.93 percent. ``Job creation is sturdy and we have effective price stability,'' said Paul McCulley, an economist at UBS Securities. ``The bottom line is that we've got a lovely economy.'' With potential inflation counterbalanced by worries about possible price declines, the Fed and its chairman, Alan Greenspan, have suggested that they intend to keep interest rates unchanged until the economy tilts clearly in one direction or another. The job figures for January extended a surge in employment gains that began last fall, just when the labor market had showed signs of cooling. After accounting for a small downward revision Friday to December's figures, the economy has been creating jobs at a rate of 358,000 a month for the last four months _ and 381,000 over the last three months _ after averaging 242,000 for the first nine months of 1997. The surge in jobs reflects a remarkable confluence of positive and self-reinforcing economic forces. Inflation has been almost nonexistent, and consumer confidence has been extremely strong. After a short, sharp drop when Asia's financial problems first became clear, the stock market has rebounded and corporate profits have remained healthy. Long-term interest rates, an important indicator of economic stability, have fallen in the last few months. Lower rates have helped invigorate housing and other interest-sensitive sectors of the economy by making loans more affordable, and have allowed companies to continue investing heavily in more efficient equipment. The likelihood that the federal budget will soon move from deficit into surplus has further improved the outlook. The less money the government needs to borrow, the more is freed for private investment. President Clinton welcomed the job figures at a news conference Friday. His advisers said the results reflected not just from balancing the budget, but also initiatives like improved access to education and training and the opening of foreign markets to trade. ``There are enormous economic and social benefits from our nation's high-employment economy,'' said Janet Yellen, the chairwoman of the White House's Council of Economic Advisers. Some of the biggest employment gains came in the construction industry, which added 92,000 jobs in January. The increase reflected the strength of the housing industry, which has been helped not just by declining interest rates but also by unusually warm weather. Service industries also showed solid job gains, as did manufacturers, two areas expected to be hardest hit when the effects of the Asian crisis hit the American economy. The major harm from Asia is likely to come from the plunge in the value of many Asian currencies relative to the dollar, a situation that is expected to lead to a surge of inexpensive imports into the United States, hurting American competitors. And the weakness of the Asian economies is also likely to lead to decreased demand for American exports. ``The economy has been running on the fumes of the strength from before the Asia shock,'' McCulley said. ``Those fumes will exhaust themselves, and the manufacturing sector is going to start getting beat up in the spring.'' The figures showed the unemployment rate for adult men declined to 3.8 percent last month from 4.1 percent in December, the lowest figure for almost two decades. The rate for adult women rose 0.4 percent, to 4.4 percent. For the first time, the Labor Department broke out unemployment by education level as well as gender, age and race. The analysis showed unemployment rates dropped steadily with higher levels of education. Among people with less than a high school education, the rate in January was 7.2 percent. Among high school graduates, the rate was 3.9 percent, and college graduates, 1.9 percent.	{"entities": []}
Not all Cubans believe, but Castro has invited everyone to welcome the man who has been one of Communism's most effective adversaries, and that's why there is suspense.	{"entities": []}
Everyone appears to believe that somehow Cuba is going to change. Castro has said officially that it's okay to be enthusiastic. And so, people are increasingly enthusiastic by today, Cuban television, which clings to the Communist Party line, actually began to promote its papal coverage.	{"entities": [[173, 181, "TEMP_EXP"]]}
Incidentally, we just show up to do the broadcast, and Cubans want to know what we're going to tell Americans, in many cases, what their relatives in the United States are going to hear.	{"entities": []}
Army of god letters claim responsibility for the Atlanta abortion clinic bombing, a nineteen ninety-seven attack on a gay lounge and the Birmingham assault.	{"entities": [[82, 105, "TEMP_EXP"]]}
O'SMACH, Cambodia (AP)_ The top commander of a Cambodian resistance force said Thursday he has sent a team to recover the remains of a British mine removal expert kidnapped and presumed killed by Khmer Rouge guerrillas almost two years ago. Gen. Nhek Bunchhay, a loyalist of ousted Cambodian Prime Minister Prince Norodom Ranariddh, said in an interview with The Associated Press at his hilltop headquarters that he hopes to recover the remains of Christopher Howes within the next two weeks. Howes had been working for the Britain-based Mines Advisory Group when he was abducted with his Cambodian interpreter Houn Hourth in March 1996. There were many conflicting accounts of his fate. Howes' team was clearing mines 17 kilometers (10 miles) from Angkor Wat, the fabled 11th century temple that is Cambodia's main tourist attraction, when it was attacked. In January this year, British police officers who had been searching for Howes concluded he had probably been killed soon after being captured. The Foreign Office said it had informed the family of Howes, 37 years old when he was kidnapped, that he probably died within weeks or months of his capture on March 26, 1996. ``Obviously, it is deeply discouraging for the family after 22 months, but there is no proof of life. But there is no evidence in either direction _ that there is proof of life or death,'' said a Foreign Office spokesman, speaking with customary anonymity. ``We will continue to do everything we can to establish what has happened.'' Thai military officials who monitor Cambodian affairs said privately Thursday that Britain, through its embassies in Thailand and Cambodia, has been pushing hard to resolve the Howes case as the second anniversary of his abduction nears. Nhek Bunchhay, who had been closely involved in the search for Howes before having to flee the Cambodian capital after a coup d'etat last year, appeared confident he would find Howes' remains. He said he received information from Khmer Rouge guerrillas on where the body had been buried, and recently ordered 10 of his men from a force of 500 near Khmer Rouge headquarters in Anlong Veng to conduct the search. If and when the remains are found, he said, they would be turned over to the British Embassy, apparently meaning they would be sent across the border into Thailand and onward to Bangkok. Nhek Bunchhay said he now believed Howes had been killed within a week of his capture by a Khmer Rouge faction loyal to Pol Pot, then the guerrilla group's leader. Pol Pot is considered responsible for the radical policies that led to the deaths of as many as 1.7 million Cambodians when the communist group held power in the late 1970s. At the time Howes was captured, the Khmer Rouge were a more or less united guerrilla force with more than 10,000 men under arms. But the group began to fall apart in mid-1996 after the defection of one of its top leaders, Ieng Sary. Other commanders, and thousands of guerrillas, followed him. A small hardcore group under Pol Pot continued to hold out at their headquarters at Anlong Veng in northern Cambodia near the Thai border. But in June last year, the remaining leadership had a falling out, and Pol Pot was arrested. In July last year in Phnom Penh, Cambodia's capital, Second Prime Minister Hun Sen staged a successful coup d'etat against First Prime Minister Prince Norodom Ranariddh. Ranariddh's loyalists, including Nhek Bunchhay, his top military commander, went into hiding or fled the capital. Nhek Bunchhay, evading an intensive manhunt, made his way to O'Smach, the last major outpost held by Ranariddh's forces. His men have held the stronghold _ which is on the border just opposite the Thai province of Surin _ against repeated intense attacks by Hun Sen's troops. They have been aided by Khmer Rouge guerrillas from Anlong Veng, who have formed an alliance with Ranariddh's resistance forces to oppose Hun Sen.	{"entities": [[79, 87, "TEMP_EXP"], [219, 240, "TEMP_EXP"], [623, 637, "TEMP_EXP"], [772, 784, "TEMP_EXP"], [858, 878, "TEMP_EXP"], [1128, 1177, "TEMP_EXP"], [1232, 1247, "TEMP_EXP"], [1883, 1892, "TEMP_EXP"], [2405, 2475, "TEMP_EXP"], [2670, 2685, "TEMP_EXP"], [2849, 2860, "TEMP_EXP"]]}
The U.S. military buildup in Saudi Arabia continued at fever pace, with Syrian troops now part of a multinational force camped out in the desert to guard the Saudi kingdom from any new thrust by Iraq. In a letter to President Hashemi Rafsanjani of Iran, read by a broadcaster over Baghdad radio, Saddam said he will begin withdrawing troops from Iranian territory on Friday and release Iranian prisoners of war. Iran said an Iraqi diplomatic delegation was en route to Tehran to deliver Saddam's message, which it said it would review ``with optimism.'' Saddam appeared to accept a border demarcation treaty he had rejected in peace talks following the August 1988 cease-fire of the eight-year war with Iran. The move seemed aimed at heading off more trouble with Iran, which had condemned Iraq's invasion of Kuwait on Aug. 2 but also criticized the multinational force dispatched to Saudi Arabia. Saddam said he sought to ``turn the gulf into a lake of peace free of foreign fleets and forces that harbor ill intentions against us.'' In other developments: The Pentagon said that Defense Secretary Dick Cheney is considering urging Bush to order a national callup of armed forces reserves for active duty because of the drain on units sending soldiers abroad. Bush can call up to 200,000 reservists for up to 180 days without seeking congressional approval. Soviet Foreign Ministry spokesman Yuri Gremitskikh said special ambassador Mikhail Sytenko left Tuesday for consultations with the governments of Syria, Jordan, Egypt and other Arab countries.	{"entities": [[364, 373, "TEMP_EXP"], [649, 675, "TEMP_EXP"], [683, 693, "TEMP_EXP"], [816, 825, "TEMP_EXP"], [1300, 1318, "TEMP_EXP"], [1455, 1462, "TEMP_EXP"]]}
January nineteen ninety-seven. Atlanta again. This time a bomb at an abortion clinic. More people are hurt. And just last month, an off duty policeman is killed when a bomb explodes at another abortion clinic. Location, Birmingham, Alabama.	{"entities": [[0, 30, "TEMP_EXP"], [117, 127, "TEMP_EXP"]]}
If Israel is asked to uh stretch itself on matters that are vital to its security concerns, then we must see an equal effort on the other side.	{"entities": []}
Now for today's geography quiz.	{"entities": [[0, 3, "TEMP_EXP"]]}
Finally today, we learned that the space agency has finally taken a giant leap forward. Air Force Lieutenant Colonel Eileen Collins will be named commander of the Space Shuttle Columbia for a mission in December. Colonel Collins has been the co-pilot before, but this time she's the boss. Here's ABC's Ned Potter.	{"entities": [[0, 13, "TEMP_EXP"], [200, 212, "TEMP_EXP"]]}
The main negative is the risk that the Pope's visit will persuade a great many more Cubans to break loose of the Cuban government. If so, then the Pope's visit would really open up a new chapter in the government's relations with its own society. For the Cuban government, that is the risk.	{"entities": []}
Timex is a major U.S. producer and seller of watches, including low-priced battery-operated watches assembled in the Philippines and other developing nations covered by the U.S. tariff preferences.	{"entities": []}
Afghanistan has been at war for twenty years, leaving a large part of the country's male population dead or in exile. The United Nations says women and children make up about seventy-five percent of the Afghan population. An Afghan refugee in Switzerland, Homira Atimadi, is a senior official of a group called the International Working Group on Afghan Women. The group has branches in Pakistan, Iran, Europe, Australia, and North America. Ms. Atimadi says Afghan women have been victims of severe violations of human rights for the past twenty years and she says she sees no end to the misery. She says security under the fundamentalist Taleban government is better, but everything else is worse.	{"entities": [[28, 44, "TEMP_EXP"], [525, 550, "TEMP_EXP"]]}
Many local residents denounced the bigotry, but opposition to the school then shifted. Now critics of the academy are targeting its owner, the Saudi government. Pastor James Allmen of the fellowship church and school in Ashburn has led the anti-Saudi campaign. James Allmen says he has no problem with a privately funded academy, but he has a big problem with a Saudi funded school.	{"entities": []}
There is, a- at a very deep level in our culture, um I think, a sense of, of ignorance about Islam, a fear about who Muslims are and what they're doing.	{"entities": []}
God bless him.	{"entities": []}
On the other hand, it's turning out to be another very bad financial week for Asia. The financial assistance from the World Bank and the International Monetary Fund are not helping. In the last twenty four hours, the value of the Indonesian stock market has fallen by twelve percent. The Indonesian currency has lost twenty six percent of its value. In Singapore, stocks hit a five year low. In the Philippines, a four year low. And in Hong Kong, a three percent drop. More problems in Hong Kong for a place, for an economy, that many experts thought was once invincible. Here's ABC's Jim Laurie.	{"entities": [[182, 211, "TEMP_EXP"]]}
Doctor James Burdick, the Professor of Transplant Surgery at Johns Hopkins University Hospital in Baltimore, Maryland, and former President of UNOS, said the current system has evolved over several years and it works well.	{"entities": [[185, 203, "TEMP_EXP"]]}
Despite the recent possibility of military conflict with Iraq, oil prices have been falling, that's because of a worldwide glut of oil. Now with a diplomatic solution to the crisis seemingly at hand, get set for oil prices from the Brent north sea variety to light swede crude to fall further.	{"entities": []}
"Mr. Stronach will direct an effort to reduce overhead and curb capital spending until a more satisfactory level of profit is achieved and maintained, Magna said.	{"entities": []}
You may, in a year or two, save a few more lives if you do sickest first. But the number of patients waiting then begins to increase, um and, in fact, um over the years many more patients who are about to die of liver tra- uh without a liver transplant would accumulate. If you do the uh alternative extreme, you don't save as many lives in the early years, by a small fraction. Our system is balanced, it's right in the middle. And, therefore, it works very well.	{"entities": [[9, 25, "TEMP_EXP"], [154, 168, "TEMP_EXP"], [338, 356, "TEMP_EXP"]]}
MOSCOW (AP)_ Presidents Leonid Kuchma of Ukraine and Boris Yeltsin of Russia signed an economic cooperation plan Friday, and Yeltsin claimed they resolved even more nagging problems. Russia and Ukraine share similar cultures and languages, and Ukraine was ruled from Moscow for centuries. But while the two Slavic neighbors see themselves as natural partners, their relations since the breakup of the Soviet Union have been bedeviled by a number of disputes _ Black Sea naval bases, border problems and Ukraine's natural gas debts. ``We have covered the entire list of questions and discussed how we will be tackling them,'' Yeltsin was quoted as saying by the ITAR-Tass news agency. ``I must say there are no unsettled problems any more. We have solved them all.'' But his sweeping statement contained no details, and gave no indication of how the disputes could be resolved. Their solution would require a compromise between the two nations' parliaments. A major dispute concerns a broad political treaty calling for border demarcation, which the two presidents signed last May. In effect, the treaty amounts to Russian recognition of Ukraine's sovereignty and borders, and the Ukrainian parliament has already ratified it. However, Russia has stalled ratification, trying to tie it to an agreement that would permit the Russian navy to use a naval base on Ukraine's Crimean peninsula for at least 20 more years. In their joint statement issued after the talks, Yeltsin and Kuchma called for the fastest possible ratification of the treaty, saying it would create a ``strong legal foundation'' for bilateral ties and help stability in Europe. Kuchma assured Yeltsin that Ukraine would not join NATO, Yeltsin's spokesman Sergei Yastrzhembsky said, according to the Interfax news agency. The Russian leadership has staunchly opposed the western alliance's expansion into Eastern Europe. In their joint statement, released by the Kremlin, the two leaders also pledged to consult each other regularly on their approaches to relations with NATO and, in particular, their action within the framework of NATO's Partnership for Peace program. Last year, Russian officials assailed Ukraine for holding joint naval exercises with NATO in the Black Sea _ an area Moscow considers its own turf. Kuchma has said repeatedly that Ukraine would remain neutral for the foreseeable future. Yeltsin and Kuchma also called for developing the stagnant relations between the members of the Commonwealth of Independent States, a loose coalition of former Soviet republics. In the past, Russia has often claimed that Ukraine was undermining efforts at closer cooperation within the CIS. A major goal of Kuchma's four-day state visit was the signing of a 10-year economic program aimed at doubling the two nations' trade turnover, which fell to dlrs 14 billion last year, down dlrs 2.5 billion from 1996. The two presidents on Friday signed the plan, which calls for cooperation in the metallurgy, fuel, energy, aircraft building, missile, space and chemical industries. A major project is joint manufacturing of An-70 cargo planes, the Kremlin statement said. The program also calls for coordination of economic reforms and joint improvement of social programs in the two countries, where many people have become impoverished during the chaotic post-Soviet transition to capitalism. Kuchma also planned to visit Russian gas giant Gazprom, most likely to discuss Ukraine's dlrs 1.2 billion debt to the company. (pvs/vi/ji)	{"entities": [[113, 119, "TEMP_EXP"], [1400, 1414, "TEMP_EXP"], [2346, 2373, "TEMP_EXP"], [2552, 2563, "TEMP_EXP"], [2838, 2847, "TEMP_EXP"], [2901, 2910, "TEMP_EXP"]]}
We're going to fight it. And uh we've already challenged, very strongly, the uh the terms in which this has been presented. But we're challenging it on the ground that uh the RUC uh have offered an opinion, and this opinion is going to be used as a mechanism for ejecting us from the talks, and uh that's a very serious.	{"entities": []}
BELFAST, Northern Ireland (AP)_ Police seized a car bomb under construction Sunday in a town bordering Northern Ireland on the eve of the return to peace talks by the IRA-allied Sinn Fein party. Chief Superintendent Al McHugh said the bomb discovered in the Irish Republic was destined for an unknown target in Northern Ireland and ``would have caused massive destruction.'' The discovery appeared to be the latest attempt by extremists opposed to the IRA's 8-month-old truce to undermine the peace process, set to resume Monday in Belfast. Extremists have bombed two predominantly pro-British Protestant towns and fired mortar shells at a police station since Sinn Fein was expelled from peace talks on Feb. 20 in punishment for two killings blamed on the Irish Republican Army. Police found more than 1,300 pounds (600 kgs) of fertilizer-based explosives Sunday in a shed in Dundalk, 50 miles (80 kms) south of Belfast. They arrested two men in connection with the bomb factory, which also contained circuitry, detonating cord and the Mitsubishi truck that would have carried the bomb. The British and Irish governments, which cosponsor the multi-party talks that are supposed to conclude by May, invited Sinn Fein to rejoin two weeks ago. But Sinn Fein leader Gerry Adams kept his party out pending meetings with British Prime Minister Tony Blair 10 days ago and President Clinton last week. ``We were unjustly pushed out of the talks in February but we are back,'' Adams said Sunday. He said the north's substantial Catholic minority demanded a settlement that would promote Northern Ireland's eventual unification with the Irish Republic. ``Nationalists in the north are not a minority in someone else's country. We are Irish citizens, living in our own country,'' Adams said, adding: ``Nationalists want to move towards Irish unity and see this process as a bridge in that direction.'' But the north's pro-British Protestant majority is bitterly opposed to uniting Ireland and instead wants a strong government for Northern Ireland, which has been ruled directly by London since 1972. Northern Ireland's biggest Protestant party, the Ulster Unionists, is threatening to push for Sinn Fein's expulsion once again. They say IRA commanders are responsible for the recent bomb attacks. Also Sunday, more than 2,000 Catholic protesters rallied in Portadown against the annual parades by the Orange Order, Northern Ireland's dominant Protestant fraternal group. Confrontations among Catholic protesters, Protestant marchers and the police have provoked widespread violence in Northern Ireland for the past three summers. The crucible is Portadown, 30 miles (50 kms) southwest of Belfast, where Orangemen march each July from their rural church back downtown _ through the town's main Catholic area. Protesters from several Catholic communities crowded into Portadown's Catholic Garvaghy Road to hear speakers demand negotiations with Orange Order leaders, and pledge to participate in each others' road-blocking protests this summer. ``Small nationalist communities are not going to be left on their own this summer,'' said Gerard Rice, a former IRA prisoner who leads anti-Orange protests in a Catholic neighborhood of south Belfast. Riot police in armored cars, shields and helmets prevented a few hundred Protestants, many waving British and Ulster flags, from interfering with the Catholics as they marched within Portadown's few Catholic streets. Earlier Sunday, police and militant Protestants clashed in a religiously polarized part of north Belfast. Police said an unmarked police car was hit with gasoline bombs from the Protestant side. Riot police responded with a volley of plastic bullets that scattered a 50-strong mob. An elderly Catholic man was hospitalized from cuts after a Protestant gasoline bomb landed in his back yard. Police arrested six Protestants on suspicion of rioting. (sp/eml)	{"entities": [[888, 903, "TEMP_EXP"], [1180, 1201, "TEMP_EXP"]]}
THE HAGUE, Netherlands (AP)_ The World Court Friday rejected U.S. and British objections to a Libyan World Court case that has blocked the trial of two Libyans suspected of blowing up a Pan Am jumbo jet over Scotland in 1988. Libya, which brought the case to the United Nations' highest judicial body in its dispute with the United States and Britain, hailed the ruling and said it would press anew for a trial in a third neutral country. Both U.S. and British officials filed objections to the court's jurisdiction in 1995, claiming Security Council resolutions imposed on Lybia to force the suspects' extradition overruled a 1971 Convention which gives Libya the right to try the men. The decision, 3rd graf pvs.	{"entities": [[217, 225, "TEMP_EXP"], [516, 523, "TEMP_EXP"], [625, 642, "TEMP_EXP"]]}
Major job cuts at AT and T. The long distance giant slashing up to eighteen thousand jobs, freezing executive salaries and shaking up management. The changes are part of a one point six billion dollar cost cutting initiative to revitalize its position in the telecommunications business. Earlier AT and T also announced an eighteen percent drop in profits for the fourth quarter. The company's sales force applauded the shake up.	{"entities": [[356, 379, "TEMP_EXP"]]}
The united states is not authorized to use force before going to the council.	{"entities": []}
Iraq imports about three-quarters of its foodstuffs. U.S. allies and other U.N. members have objected that the Security Council embargo resolution did not specifically authorize such a naval operation. Bush told a news conference on Tuesday that the naval barricade now in force might be extended to Jordan's Aqaba ``if it is a hole through which commerce flows'' in and out of Iraq. In Saudi Arabia, today is the eighth day of ``Desert Shield,'' the operation designed to confront an estimated 200,000 Iraqi soldiers now in Kuwait. Iraq boasts an army of 1 million members. At least 50,000 U.S. troops are expected to be committed to Desert Shield within weeks, including Marines, Army air assault forces, paratroopers and infantry. Iraq said it invaded Kuwait because of disputes over oil and money. It accused Kuwait of deliberately slashing Iraqi oil revenues by overproducing oil and driving down prices, among other charges. Iraq has 17 million residents, and Kuwait about 1.9 million.	{"entities": [[275, 288, "TEMP_EXP"], [500, 510, "TEMP_EXP"]]}
JERUSALEM (AP)_ Taking the stand in her own defense, a friend of Yitzhak Rabin's assassin said Friday that she regretted calling the prime minister a traitor and praying for his death. Margalit Har-Shefi, 22, has pleaded innocent to charges that she failed to report Yigal Amir's plan to kill Rabin. She took the stand for more than four hours Friday in a Tel Aviv magistrate's court. Amir, 27, is serving a life sentence for the November 1995 assassination of Rabin at a Tel Aviv peace rally. Newspaper reports have said Amir was infatuated with Har-Shefi and may have been trying to impress her by killing the prime minister. Har-Shefi acknowledged she told police interrogators that Rabin was a traitor and that she prayed for him to have a heart attack and die. She said Rabin's murder was ``a black stain on Israel,'' Israel radio and Israel army radio reported. Har-Shefi said she heard Amir talk about killing Rabin but did not tell the police because she did not believe he was serious. Instead, she turned to her community rabbi in the Jewish West Bank settlement of Beit El and told him about Amir's statements. The rabbi said called the talk about killing Rabin ``nonsense,'' and said Jews are prohibited from killing one another, the radio reports said. Har-Shefi described Amir as an ``original thinker,'' as well as delusional and a liar. She also denied accusations made by Amir's brother, Hagai, that she joined an anti-Arab underground movement. She said she gave the Amir brothers false information regarding the location of a weapons and ammunition cache when they asked her to help organize such a movement.	{"entities": [[217, 225, "TEMP_EXP"], [516, 523, "TEMP_EXP"], [625, 642, "TEMP_EXP"]]}
Sytenko, a former deputy secretary-general of the United Nations, is also expected to visit Baghdad, Gremitskikh said at a regular news briefing today. The outlook darkened for about 3,000 Americans caught in Iraq and Kuwait when Saddam sent his forces into the small, oil-rich sultanate. The Iraqi ambassador to Greece said in Athens the Americans and other stranded foreigners could leave ``as soon as the threats from the United States and its allies are eliminated.'' ABC quoted an Iraqi Foreign Ministry official in Baghdad as saying Americans in Iraq are ``restrictees'' who will stay there until the crisis ends. The Soviet Foreign Ministry said Soviet women, children and invalids would be permitted to leave Iraq. Spokesman Yuri Gremitskikh said the first group of 230 evacuees was assembling in Baghdad today, but evacuation plans were hampered by desert heat and lack of transportation. Nearly 9,000 Soviets were among the hundreds of thousands of foreigners trapped in Iraq and Kuwait. Iraq has agreed to allow all 880 Soviets in Kuwait to leave, but only by a 1,200-mile road route through Iraq and to the Iraq-Jordan border. The British Foreign Office said today conditions in Kuwait appear to be deteriorating. There have been reports of wholesale looting but food and gasoline were still available, said a spokesman, who by custom was not identified. Banks remained closed. The Iraqi ambassador to Venezuela said on Tuesday that Iraq would retaliate against Venezuela and other OPEC oil cartel members if they boost oil production to fill the gap created by blocked supplies from Iraq and Kuwait. With Kuwait now ``annexed,'' Iraq has control of 20 percent of the world's oil reserves. A steep rise in world oil prices followed the Kuwait invasion. The U.N. Security Council on Aug. 6 ordered a global embargo on trade with Iraq as punishment for seizing Kuwait. Bush then sent U.S. troops and planes to Saudi Arabia, saying Iraqi troops massed nearby in Kuwait threatened Saudi Arabia and its vast oil reserves. Twelve Arab League nations voted for an Arab force to protect Saudi Arabia, with the vanguard of Syria's contingent arriving Tuesday, according to diplomatic sources in Riyadh, the Saudi capital. Egyptian and Moroccan troops are already there. The predominantly Moslem nation of Bangladesh said today its troops would join multinational forces in Saudi Arabia. The size of the contingent was not disclosed. Turkey and Saudi Arabia in effect shut down Iraq's major oil outlets through those countries, but according to Jordanian officials, a smaller line into Jordan remained operating. Truckloads of goods rolled into Iraq from Jordan on Tuesday and Iraqi-bound cargo was unloaded from ships at the Red Sea port ofAqaba despite the U.N.-ordered sanctions. King Hussein was reportedly carrying a message to Bush from Iraq's Saddam, with whom the king met Monday. The monarch will meet Bush on Thursday in Kennebunkport, Maine. Crown Prince Hassan, King Hussein's brother and political adviser, was asked today about the message the king was said to be carrying. In an interview from Jordan on ABC, he declined to discuss details, but said: ``I don't think that his majesty would be traveling at this crucial moment if the Iraqi leadership did not have a rational approach to the future.''	{"entities": [[364, 373, "TEMP_EXP"], [649, 675, "TEMP_EXP"], [683, 693, "TEMP_EXP"], [816, 825, "TEMP_EXP"], [1300, 1318, "TEMP_EXP"], [1455, 1462, "TEMP_EXP"]]}
One of the scenarios widely advanced before the visit is that through the Pope, Cuba, still led by Castro, can begin a more productive relationship with the world. That will, in turn, bring pressure on Washington to change.	{"entities": []}
Magna recently cut its quarterly dividend in half and the company's Class A shares are wallowing far below their 52-week high of 16.125 Canadian dollars (US$13.73). On the Toronto Stock Exchange yesterday, Magna shares closed up 37.5 Canadian cents to C$9.625.	{"entities": []}
The Internet has certainly helped uh hate mongers to organize and uh to feel that they are part of a larger community, even if uh they are essentially uh, you know, angry people sitting in their bedrooms uh all alone. Uh, in addition, white power racist music has become uh quite popular in certain sectors. Uh, there are over fifty thousand CDs a year sold with uh lyrics that are quite uh unbelievable.	{"entities": []}
An officially sanctioned one, too. UNESCO declared it a protected site for its beauty and its historical significance.	{"entities": []}
Former savings and loan chief, Charles Keating, is facing more legal troubles in California. A federal appeals court has reinstated his state convictions for securities fraud. NPR's Elaine Corey has more from San Francisco.	{"entities": []}
It's not something we're not used to in the industry. But I think right now, for AT and T and the people here, it's fairly intense as you might w- well imagine.	{"entities": []}
Inside the Islamic Saudi academy in Mount Vernon, Virginia, many of the girls wear head scarves and some of the neatly dressed children are in uniforms. The instruction is in English for most classes, in Arabic for language and religious studies. The school says it teaches the children to be good Muslims and good students. They're learning a civics lesson from the residents of Loudon county. The Islamic Saudi Academy has twelve hundred mostly American students but would take thirty-five hundred if it had the room. The academy bought a hundred acres in Loudon county, Virginia, and asked for permission to build a fifty million dollar campus. In the nearby suburban housing tracts, someone dropped off leaflets warning the school could bring thousands of Middle Eastern strangers and terrorists. Some residents of the mostly white, mostly middle class area became alarmed. James Zogby of the Arab American Institute says it's a familiar story.	{"entities": []}
Italian chemical giant Montedison S.p.A., through its Montedison Acquisition N.V. indirect unit, began its $37-a-share tender offer for all the common shares outstanding of Erbamont N.V., a maker of pharmaceuticals incorporated in the Netherlands.	{"entities": []}
That was Eileen Collins, after she flew as the first ever co-pilot. Being commander is different. It means supervising the rest of the crew in training and leading them in flight. It is, in short, the kind of management job many American women say they've had to fight for. In space, some say female pilots were held up until now by the lack of piloting opportunities for them in the military.	{"entities": []}
I think that the mood is fairly gloomy, and I think it's not going to change for a couple of years.	{"entities": [[81, 98, "TEMP_EXP"]]}
The Pentagon said today it will re-examine the question are the remains inside the Tomb of the Unknown from the Vietnam War, in fact, known?	{"entities": [[18, 23, "TEMP_EXP"]]}
The offer is being launched pursuant to a previously announced agreement between the companies.	{"entities": []}
For nearly forty years, the United States has said categorically it would not tolerate totalitarian rule in its own backyard. It is the US economic and political embargo which has kept Cuba in a box.	{"entities": [[0, 22, "TEMP_EXP"]]}
Steel plates recovered at the Olympic park bombing appear to match those found at the abortion clinic bombing in Atlanta. Those plates may have come from a machine shop in north Carolina, where a friend of Rudolph worked.	{"entities": []}
Young's Market Co., a wholesaler of spirits, wines and other goods, said it will merge with a new corporation formed by the Underwood family, which controls Young's.	{"entities": []}
Helicopters are flying over northern New York today trying to locate people stranded without food, heat or medicine.	{"entities": [[46, 51, "TEMP_EXP"]]}
Posing for photographers with Clinton, Blair pledged to stand united with the president against Iraq, warning Saddam Hussein that the threat of force is real. The British aircraft carrier invincible is now patrolling the Persian Gulf alongside three US vessels. Washington and London are virtually alone in warning Iraq of military strikes if it doesn't back down on the weapons inspection issue. President Clinton says he and Blair will stand together not just on Iraq but also on arresting the terrorists suspected of blowing up Pan Am flight one oh three over Scotland. For The World I'm Nancy Marshall in Washington.	{"entities": []}
MOSCOW (AP)_ The mayor of Moscow has allocated funds to help build a museum in honor of Mikhail Kalashnikov, the Russian who gave his name to the world's most widely wielded weapon, according to a news agency report Friday. Kalashnikov designed the AK-47 automatic rifle, famed for its reliability and effectiveness. Together with its derivatives, the Kalashnikov rifle has been used by the police and armies of 55 countries and an assortment of guerrillas, terrorists and just plain thugs around the globe. Seventy-five million copies of the rifle have been built since it entered production in February 1947, making it history's most widely distributed weapon. UR The ITAR-Tass, 4th graf pvs (pvs/ji)	{"entities": [[216, 223, "TEMP_EXP"], [596, 609, "TEMP_EXP"]]}
Hotels are only thirty percent full. You can get seventy percent discounts at the shopping malls. Three thousand dollar pearls for eight hundred dollars. A two hundred dollar wool jacket for fifty dollars. Still, there are few buyers. And at the big brokerage houses, after ten years of boom, they're talking about layoffs.	{"entities": [[268, 291, "TEMP_EXP"]]}
There was a suspicion the body was Blassie because his uniform and ID card were found near the body in Vietnam. But subsequently, they were lost. Blassie's mother now wants the remains in the tomb tested for DNA.	{"entities": []}
But now we're going to go back to New York, where Diane Sawyer has the rest of the news. Diane?	{"entities": []}
We do not further the purpose of human rights in the world by violating the human rights under our own constitution.	{"entities": []}
Mark Potach says over four hundred hate groups have been identified and many are becoming increasingly successful at recruiting younger members through the use of Internet web pages and the promotion of racist rock music.	{"entities": []}
The US is bolstering its military presence in the gulf, as President Clinton discussed the Iraq crisis with the one ally who has backed his threat of force, British prime minister Tony Blair. The World's Nancy Marshall reports on Mr. Blair's current visit to Washington and the special relationship between the two leaders.	{"entities": []}
Women do not become victims of armed attack, but they do not have the right to work. And today, the right to work is equal to r- the right to survival.	{"entities": [[89, 94, "TEMP_EXP"]]}
But investors are approaching the changes with caution shares of AT and T down nearly four at sixty-one and a half.	{"entities": []}
Atlanta nineteen ninety-six. A bomb blast shocks the Olympic games. One person is killed.	{"entities": [[8, 28, "TEMP_EXP"]]}
JERUSALEM (AP)_ Top Israeli officials sent strong new signals Sunday that Israel wants to withdraw from southern Lebanon, where a costly war of attrition has been steadily claiming soldiers' lives. Prime Minister Benjamin Netanyahu told his Cabinet on Sunday that Israel was willing to withdraw from southern Lebanon provided Israel's northern frontier could be secured. ``If the Lebanese government will cooperate with us in making appropriate security arrangements in south Lebanon, we will be happy to get out of Lebanon in the framework of implementation of U.N. Resolution 425,'' Netanyahu told his ministers. That 1978 resolution calls for Israel's unconditional withdrawal from the self-declared security zone it occupies in south Lebanon, and for the deployment of the Lebanese army and U.N. forces to ensure security along the Lebanese-Israeli border. On Friday, Netanyahu said he had ``no qualms'' about implementing the U.N. resolution, as long as Israel had ``the necessary security safeguards.'' Cabinet minister Michael Eitan said Sunday that Netanyahu's remarks marked a substantive change in Israel's position. ``We will defend our north from the international border,'' said Eitan, the science minister. ``No one wants to stay in Lebanon; thus we think it better to withdraw.'' Uri Lubrani, Israel's top official for Lebanon affairs, also suggested Israel was willing to modify its political goals in Lebanon. ``This is a new thing...it means that we are willing to talk today _ full stop _ about security,'' Lubrani told Israel's Channel One. ``We have gotten off the issue of peace, off the issue of normalization.'' As the death toll in Lebanon has mounted, the Israeli government has been faced with a growing grassroots movement calling for Israel's unilateral withdrawal from Lebanon. Since 1985 _ when the Israelis created a security buffer zone southern Lebanon _ nearly 200 Israeli soldiers have been killed fighting Hezbollah and other guerrillas. Last week, Hezbollah fighters killed three Israeli soldiers and seriously wounded six others. The Israelis suffered a record 39 deaths in southern Lebanon last year. In addition, 73 soldiers were killed en route to Lebanon when two military helicopters crashed last February. The Maariv newspaper said Sunday that Netanyahu's comments last week were in response to signals from Syria that it wants to renew the long-stalled peace talks between the two countries. The newspaper, quoting ``secret reports,'' said Syria had indicated its interest in resuming talks in remarks made last week by the Syrian ambassador to Washington, Walid Mualem, in a lecture to a closed forum in Baltimore. Two top aides to Netanyahu, political adviser Uzi Arad and Cabinet Secretary Danny Naveh, left for Europe on Sunday, apparently to investigate the Syrian issue, the newspaper said. Israel-Syrian talks have been cut off for nearly two years. Defense Minister Yitzhak Mordechai was the first senior Israeli official to refer to U.N. resolution 425 in a speech six weeks ago, saying at the time he was willing to withdraw troops in exchange for guarantees that Israel would not be attacked.	{"entities": [[113, 119, "TEMP_EXP"], [1400, 1414, "TEMP_EXP"], [2346, 2373, "TEMP_EXP"], [2552, 2563, "TEMP_EXP"], [2838, 2847, "TEMP_EXP"], [2901, 2910, "TEMP_EXP"]]}
President Clinton says he is committed to a possible strike against Iraq, despite objections from other countries. Steve Hurst has that.	{"entities": []}
Any decision to expel Sinn Fein must be agreed jointly by the governments of both Britain and the Irish Republic.	{"entities": []}
Even two hundred miles up in space, there has been a glass ceiling. It wasn't until twenty years after the first astronauts were chosen that NASA finally included six women, and they were all scientists, not pilots. No woman has actually been in charge of a mission until now.	{"entities": [[84, 172, "TEMP_EXP"]]}
Ah, we just saw an explosion up ahead of us here about sixteen thousand feet or something like that. It just went down.	{"entities": []}
The action came in response to a petition filed by Timex Inc. for changes in the U.S. Generalized System of Preferences for imports from developing nations. Previously, watch imports were denied such duty-free treatment.	{"entities": []}
Freeh also ordered the investigation consolidate information under the Atlanta task force, another indication officials suspect a link between all the bombings. Privately, authorities say Rudolph has become a focus of their investigation. Publicly, they are unwilling to make any sweeping assertion. The reason, they remember Richard Jewell. pierre thomas, CNN, Washington.	{"entities": []}
The Persian Gulf showdown between Iraq and the United States took a more personal turn Thursday when Iraq's Saddam Hussein called President Bush a liar and said the outbreak of holy war could bring thousands of Americans home in coffins. Bush, commenting on the two-week gulf crisis from his vacation home in Maine, said he saw little reason to be optimistic about a settlement of the dispute, which stems from Iraq's invasion of oil-wealthy Kuwait and its subsequent military buildup on the border of Saudi Arabia. After a two-hour meeting at his Kennebunkport home with King Hussein of Jordan, Bush said, ``I did not come away with any feeling of hope'' that Iraq would withdraw its army from Kuwait. Bush also said Thursday that King Hussein assured him Jordan would close the last remaining free port to most Iraqi trade as the economic embargo on materials to Iraq continued unabated. Foodstuffs are among the goods being blocked from entry; Iraq imports about three-quarters of its food. Pentagon sources in Washington meanwhile said the Bush administration plans to deploy 45,000 Marines to the region to back up the thousands of Army, Navy and Air Force troops already in place in the gulf and the Saudi desert. At a news conference, Secretary of State James A. Baker III said Jordan `` is seeking some guidance'' about a provision in the U.N.-backed trade embargo that allows food for humanitarian purposes. Worries however grew about the safety of Americans and other Westerners trapped in Kuwait. Iraqi military authorities ordered all Americans and Britons in Kuwait to assemble at a hotel, officials said. ``Very few'' of the 2,500 Americans in occupied Kuwait complied with the order, a senior U.S. official told The Associated Press. Iraq said the roundup was to protect them from unspecified threats; British Foreign Office minister William Waldegrave called the order ``grave and sinister.'' ``What we fear is that they will be interned somewhere, most likely in Iraq,'' Waldegrave said. A total of about 3,000 Americans, 3,000 Britons and more than 450 Japanese are in Iraq and Kuwait. Overall, more than 2 million foreigners are in both countries. Iraq has called them ``restrictees.'' In addition to the estimated 45,000 Marines to ultimately be part of Operation Desert Shield, Stealth fighter planes and the aircraft carrier John F. Kennedy are also headed to Saudi Arabia to protect it from Iraqi expansionism. In Washington, Pentagon spokesman Pete Williams said Iraq has continued to increase its armed forces in Kuwait and they now number about 160,000. Saddam has been under international quarantine since his Aug. 2 power-grab, or what he calls an ``eternal merger'' with Kuwait. In a long verbal attack read on Iraqi television Thursday, Saddam repeatedly called Bush ``a liar'' and said a shooting war could produce body bags courtesy of Baghdad. ``We continue to pray and pray hard to God so that there will be no confrontation whereby you will receive thousands of Americans wrapped in sad coffins after you had pushed them into a dark tunnel,'' Saddam said. He called U.S. soldiers massing in Saudi Arabia the real occupiers in the Persian Gulf. Replied State Department deputy spokesman Richard Boucher, ``We haven't really analyzed the statement in detail but it appears to be just another example of his outlandish rhetoric and his attempts to distort the truth. ``We believe that his words cannot distract the world from the facts of Iraqi aggression.'' An international land, sea and air force has mobilized since Iraq's invasion, which was sparked by disputes over oil, land and repayment of war loans. In the largest U.S. military operation since Vietnam, an estimated 20,000 American GIs have already massed to defend Saudi Arabia. ``We don't just arrive,'' said four-star Gen. John Dailey, assistant commandant of the U.S. Marine Corps. ``We're there to stay for a fairly lengthy period.'' Egypt, Syria, Morocco and Bangladesh also committed ground troops, to a much lesser degree. The U.S. Navy has 27 ships in the maritime barricade of Iraq. They are aided by Britain, West Germany, Australia, Canada, the Netherlands and Belgium. Bush was expected to authorize naval commanders to use ``the minimum force necessary'' to interdict shipments to and from Iraq, a U.S. official said. That could include firing across the bow to halt a ship. In the air, U.S. Air Force fliers say they have engaged in ``a little cat and mouse'' with Iraqi warplanes, which have retreated when weapons radar locks onto them. ``They don't want to play with us,'' one U.S. crew chief said. In Kuwait, the Iraqis have rimmed the capital city with an air-defense system, according to a U.S. official who spoke on the condition of anonymity. He declined to say if the weapons included missiles, but the Iraqis have them in their arsenal. The Iraqis also possess chemical weapons. The combined operations are designed to isolate and strangle Iraq until it retreats from Kuwait. The quarantine hopes to staunch the flow of Iraqi oil, which is Iraq's economic lifeblood, and clamp down on food and supplies going in. Iraq now controls 20 percent of the world's oil reserves with its conquest of Kuwait. Only Saudi Arabia has more oil reserves. The economic chokehold appears to be working. The Lloyd's List International newspaper, which monitors worldwide shipping, said Iraq's fleet of 80 tankers and cargo ships has stopped regular trading. John Prescott, a shipping correspondent, said there was no shipping in Kuwaiti or Iraqi ports and that activity was trailing off in the Jordanian port of Aqaba. Bush's chief objective in his meeting with Hussein was to press the king to shut down Iraq's food and oil supply route from Aqaba on the Red Sea. Aqaba is Iraq's only outlet now that an international noose has tightened. Bush has indicated the U.S. Navy will barricade the port from Iraqi ships. The president also has offered to help offset Jordan's costs because 40 percent of its exports go to Iraq and 90 percent of its oil comes from there. ``It's our only outlet to the sea and the rest of the world,'' Hussein said. He also said of trade with Iraq: ``There are no shipments at the moment.'' A day earlier, scores of trucks, many with Iraqi license plates, streamed north out of Aqaba to Amman and onto the desert highway bound for Iraq. The Jordanian monarch met this week with Saddam, but he told reporters he had no message from Baghdad. ``I am not talking on behalf of anyone in the area... but myself,'' Hussein said. In the United Nations, Libya called for the replacement of U.S. forces in the Persian Gulf with Arab League forces and U.N. soldiers. Libyan leader Moammar Gadhafi, in a letter to the U.N. Secretary-General, also called for an emergency Security Council meeting in Geneva to remove U.S. forces. There was no decision on a meeting. Thirty-two of the 159 U.N. members had filed compliance reports by Wednesday, and all were honoring the sanctions Iraq. Also Thursday, Saudi Arabia called for an emergency conference of the Organization of Petroleum Exporting Countries to discuss how much oil to pump. The minister denied the kingdom had notified notified any of its customers of any cutbacks in oil supply. Reports attributed to the Japanese foreign ministry said Saudi Arabia told U.S., European and Japanese oil companies of a 15-20 percent cutback in its oil supply in September. Meanwhile, Egypt's official Middle East News Agency said Thursday that Saddam was the target of an assassination attempt, which led to ``large-scale'' arrests, including some close associates of the Iraqi strongman. The agency quoted witnesses as saying tanks and armored cars are patrolling the streets of Baghdad. There was no independent confirmation of the report by the government-run news agency, which did not say when the reported attempt occurred.	{"entities": [[275, 288, "TEMP_EXP"], [500, 510, "TEMP_EXP"]]}
The US government recently announced new regulations designed to change the way transplant organs are made available to sick patients. Under the new guidelines, donor organs will be made available to the sickest people first, wherever they live in the country. Currently, transplant organs are rationed through a regional system of distribution. The private group that runs the current system, United Network for Organ Sharing, or UNOS, objects to the new regulations. UNOS says the regulations put the federal government in charge of deciding who gets transplants and that many hospital transplant centers would be forced to close. Health and Human Services Secretary Do- Donna Shalala says patients who need an organ transplant should not have to take a chance that an organ will become available in their local area, nor should patients have to travel to transplant centers far from their homes to improve their chances of getting an organ. UNOS spokeswoman Donna Henry Wright says the new policy would not necessarily be more fair or effective because allowances are already made for the most needy patients.	{"entities": []}
The main positive for Castro to invite the Pope is international, to be able to say to the rest of the world, this government is not as closed, as intolerant, uh as totalitarian as some make it out to be.	{"entities": []}
International Women's Day is this coming Sunday, March eighth. A major focus of International Women's Day is the plight of Afghan women. Special events are being organized by the European Commission and individual nations in Europe, North America, and other parts of the world. Lisa Schlein reports from Geneva.	{"entities": [[0, 47, "TEMP_EXP"], [80, 105, "TEMP_EXP"]]}
Nigeria state radio says thousands of people began gathering in the capital Abuja early Tuesday for the two day rally supporting General Sani Abacha's candidacy. Organizers state the two days of music, dancing, and speeches is expected to draw some two million people. But as supporters of the military leader gathered in the north, riot police deployed in Nigeria's southern commercial capital Lagos, to break up a protest rally called by the political opposition. Although General Abacha had not publicly announced his candidacy, many people believe an Abacha presidency is a foregone conclusion. Some analysts say the outcome of a face off between the police and anti Abacha political groups will be a test of the opposition's resolve. Purnell Murdock, VOA News.	{"entities": [[82, 95, "TEMP_EXP"], [183, 191, "TEMP_EXP"]]}
Of all of Asia's economies, Hong Kong is the most robust. But in the past three months, stocks have plunged, interest rates have soared and the downturn all across Asia means that people are not spending here.	{"entities": [[62, 86, "TEMP_EXP"]]}